{
  "id": "search-engine-select",
  "name": "Search Engine Select",
  "description": "Adds a floating UI to switch search engines on a search results page.",
  "homepage": "https://github.com/BibekBhusal0/zen-custom-js/tree/main/search-engine-select",
  "js": true,
  "preferences": "https://raw.githubusercontent.com/BibekBhusal0/zen-custom-js/main/search-engine-select/preferences.json",
  "style": "https://raw.githubusercontent.com/BibekBhusal0/zen-custom-js/main/search-engine-select/style.css",
  "readme": "https://raw.githubusercontent.com/BibekBhusal0/zen-custom-js/main/search-engine-select/readme.md",
  "author": "Bibek Bhusal",
  "version": "1.0.0",
  "tags": ["Search", "sine", "fx-autoconfig", "JavaScript", "Bibek Bhusal"],
  "createdAt": "2025-06-23",
  "updatedAt": "2025-10-17",
  "fork": ["zen"]
}
