{
    "id": "quick-search-zen-browser",
    "name": "Quick Search",
    "description": "This is a quick search script for zen browser. Allows an user to quickly search a query in a small pop up container thus removing the need to swtich to a whole different tab ",
    "homepage": "https://github.com/Darsh-A/Quick-Search-Zen-Browser",
    "preferences": "https://raw.githubusercontent.com/Darsh-A/Quick-Search-Zen-Browser/main/preferences.json",
    "js": ["quickSearch.uc.js"],
    "readme": "https://raw.githubusercontent.com/Darsh-A/Quick-Search-Zen-Browser/refs/heads/main/README.md",
    "author": "Darsh A",
    "version": "2.2.0",
    "tags": [
        "sine",
        "Quick Search",
        "fx-autoconfig",
        "JavaScript",
        "Darsh A"
    ],
    "createdAt": "2025-05-26",
    "updatedAt": "2025-6-24",
    "fork": ["zen"]
}
