{
    "id": "bubble-pop-deleting",
    "name": "Tab Closing Bubble Animation",
    "description": "Adds a bubble explosion animation when a tab or tab group is closed.",
    "scripts":{
        "tab_explode_animation.uc.js": {
            "include": [
                "chrome://browser/content/browser.xhtml"
            ]
        }
    },
    "homepage": "https://github.com/Zylaah/bubble-pop-deleting",
    "readme": "https://raw.githubusercontent.com/Zylaah/bubble-pop-deleting/main/README.md",
    "author": "Zylaah",
    "version": "1.0",
    "tags": [
        "sine",
        "Bubble animation",
        "Deleting tab",
        "fx-autoconfig",
        "JavaScript",
        "Zylaah"
    ],
    "preferences": "preferences.json",
    "createdAt": "2025-05-08",
    "updatedAt": "2026-02-06",
    "fork": ["zen"]
}
