{
  "id": "tab-rename",
  "name": "Tab Rename",
  "description": "Let's you rename non-pinned tabs by double-clicking on them",
  "scripts": {
    "tab-rename.uc.js": {
      "include": [
        "chrome://browser/content/browser.xhtml"
      ]
    }
  },
  "homepage": "https://github.com/Zylaah/zen-mods/tree/main/tab-rename",
  "readme": "https://raw.githubusercontent.com/Zylaah/zen-mods/refs/heads/main/tab-rename/README.md",
  "author": "Bxth",
  "version": "1.0",
  "tags": [
    "Zen Browser",
    "Rename",
    "Non-pinned",
    "Tabs"
  ],
  "createdAt": "2025-12-08",
  "updatedAt": "2025-12-09",
  "fork": ["zen"]
}
