{
  "id": "e9dae25b-2ddd-4245-8581-a6dcf6d35b82",
  "name": "Zen Custom URL Bar",
  "description": "Customizable URL bar with animations.",
  "homepage": "https://github.com/rasyidrafi/zen-custom-urlbar",
  "image": "https://github.com/rasyidrafi/zen-custom-urlbar/blob/main/image.png?raw=true",
  "style": {
    "chrome": "https://raw.githubusercontent.com/rasyidrafi/zen-custom-urlbar/refs/heads/main/chrome.css"
  },
  "readme": "https://raw.githubusercontent.com/rasyidrafi/zen-custom-urlbar/refs/heads/main/README.md",
  "preferences": "https://raw.githubusercontent.com/rasyidrafi/zen-custom-urlbar/refs/heads/main/preferences.json",
  "author": "rasyidrafi",
  "version": "2.0.3",
  "tags": ["Animation", "UI"],
  "createdAt": "2025-07-29",
  "updatedAt": "2025-11-13",
  "fork": ["zen", "firefox"]
}
