{
  "id": "settings-shortcuts-search",
  "name": "Search Keyboard shortcuts",
  "description": "Lightweight script to add search and filter options in keyboard shortcuts in settings",
  "homepage": "https://github.com/BibekBhusal0/zen-custom-js/tree/main/settings-shortcuts-search",
  "js": true,
  "style": {
    "content": "https://raw.githubusercontent.com/BibekBhusal0/zen-custom-js/main/settings-shortcuts-search/style.css"
  },
  "readme": "https://raw.githubusercontent.com/BibekBhusal0/zen-custom-js/main/settings-shortcuts-search/readme.md",
  "image": "https://raw.githubusercontent.com/BibekBhusal0/zen-custom-js/main/settings-shortcuts-search/image.png",
  "author": "Bibek Bhusal",
  "version": "1.0.0",
  "tags": ["Search", "sine", "fx-autoconfig", "JavaScript", "Bibek Bhusal"],
  "createdAt": "2025-06-23",
  "updatedAt": "2025-07-11",
  "fork": ["zen"]
}
