{
  "id": "Neo-Zen",
  "homepage": "https://github.com/JustVibingWhileCoding/Neo-Zen",
  "author": "JustVibingWhileCoding",
  "name": "Neo Zen",
  "description": "A sleek, futuristic theme for Zen Browser that blends modern design with mindful simplicity",
  "version": "2.1.0",
  "createdAt": "2025-05-31",
  "updatedAt": "2025-12-15",
  "style": {
    "chrome": "userChrome.css",
    "content": "userContent.css"
  },
  "preferences": "preferences.json",
  "readme": "https://raw.githubusercontent.com/JustVibingWhileCoding/Neo-Zen/main/README.md",
  "image": "https://github.com/user-attachments/assets/c37e9f4e-1ab1-43ec-945e-2be1592351a4",
  "tags": [
    "content",
    "chrome",
    "minimal",
    "futuristic"
  ],
  "fork": ["zen"]
}
