{
  "id": "zen-tidy-downloads",
  "name": "Tidy Downloads",
  "description": "Clean up your downloads with AI",
  "homepage": "https://github.com/Vertex-Mods/Zen-Tidy-Downloads",
  "readme": "https://raw.githubusercontent.com/Vertex-Mods/Zen-Tidy-Downloads/refs/heads/main/README.md",
  "image": "https://github.com/Vertex-Mods/Zen-Tidy-Downloads/blob/main/image.png?raw=true",
  "style": {
    "chrome": "chrome.css"
  },
  "scripts": {
    "tidy-downloads.uc.js": {
      "include": [
        "chrome://browser/content/browser.xhtml"
      ]
    },
    "zen-stuff.uc.js": {
      "include": [
        "chrome://browser/content/browser.xhtml"
      ]
    }
  },
  "preferences": "preferences.json",
  "author": "Vertex",
  "version": "3.0.0",
  "tags": [
    "sine",
    "fx-autoconfig",
    "Downloads",
    "Tidy Pack"
  ],
  "createdAt": "2025-05-24",
  "updatedAt": "2025-07-15",
  "fork": ["zen"]
}
