{
  "id": "vizen-floaty-ui",
  "name": "Floaty UI",
  "description": "Compact Mode, but it floats. Supports Zen Color Picker and background blur.",
  "homepage": "https://github.com/moktavizen/floaty-ui",
  "readme": "https://raw.githubusercontent.com/moktavizen/floaty-ui/refs/heads/main/README.md",
  "image": "https://raw.githubusercontent.com/moktavizen/floaty-ui/refs/heads/main/media/preview-store.png",
  "style": "https://raw.githubusercontent.com/moktavizen/floaty-ui/refs/heads/main/chrome.css",
  "preferences": "https://raw.githubusercontent.com/moktavizen/floaty-ui/refs/heads/main/preferences.json",
  "author": "moktavizen",
  "version": "1.0.2",
  "tags": ["compact", "compact mode", "float"],
  "createdAt": "2025-06-29",
  "updatedAt": "2025-06-29",
  "fork": ["zen"]
}
