{
  "id": "collapse-pinned-area",
  "name": "Collapse Pinned Area",
  "description": "Let's you collapse your pinned folders and tabs area with a chevron icon",
  "js": true,
  "homepage": "https://github.com/Zylaah/zen-mods",
  "style": "https://raw.githubusercontent.com/Zylaah/zen-mods/refs/heads/main/collapse-pinned-area/chrome.css",
  "readme": "https://raw.githubusercontent.com/Zylaah/zen-mods/refs/heads/main/collapse-pinned-area/README.md",
  "author": "Bxth",
  "version": "1.2.0",
  "tags": [
    "Zen Browser",
    "Pinned-area",
    "Collapse"
  ],
  "createdAt": "2025-12-08",
  "updatedAt": "2025-12-11",
  "fork": ["zen"]
}



