{
    "id": "advanced-tab-groups",
    "name": "Advanced Tab Groups (BETA)",
    "description": "Tab Groups for Zen Browser",
    "js": true,
    "homepage": "https://github.com/Vertex-Mods/Advanced-Tab-Groups",
    "preferences": "https://raw.githubusercontent.com/Vertex-Mods/Advanced-Tab-Groups/main/preferences.json",
    "style": "https://raw.githubusercontent.com/Vertex-Mods/Advanced-Tab-Groups/main/userChrome.css",
    "readme": "https://raw.githubusercontent.com/Vertex-Mods/Advanced-Tab-Groups/main/README.md",
    "image": "https://raw.githubusercontent.com/Vertex-Mods/Advanced-Tab-Groups/main/image.png",
    "author": "Vertex",
    "version": "3.2.1b",
    "tags": [
        "Zen Browser",
        "Vertical Tabs",
        "Tab Groups",
        "Tab Folders",
        "12th"
    ],
    "createdAt": "2025-05-13",
    "updatedAt": "2025-09-24",
    "fork": ["zen"]
}
