{
  "id": "remove-tabs-separator",
  "homepage": "https://github.com/qumeqa/remove-tabs-separator",
  "author": "qumeqa",
  "name": "Remove Tabs Separator",
  "description": "Removes the container separator for pinned tabs",
  "version": "1.0",
  "style": {
    "chrome": "userChrome.css"
  },
  "readme": "https://raw.githubusercontent.com/qumeqa/remove-tabs-separator/refs/heads/main/README.md",
  "image": "https://raw.githubusercontent.com/qumeqa/remove-tabs-separator/refs/heads/main/cover.png",
  "tags": [
    "tabs",
    "separator",
    "remove separator"
  ],
  "fork": [
    "zen"
  ]
}