{
  "id": "unloaded-tabs",
  "homepage": "https://github.com/qumeqa/unloaded-tabs",
  "author": "qumeqa",
  "name": "Unloaded Tabs",
  "description": "Makes unloaded tabs colorless and semi-transparent, so you can easily distinguish them from loaded tabs",
  "version": "1.0",
  "style": {
    "chrome": "userChrome.css"
  },
  "readme": "https://raw.githubusercontent.com/qumeqa/unloaded-tabs/refs/heads/main/README.md",
  "image": "https://raw.githubusercontent.com/qumeqa/unloaded-tabs/refs/heads/main/cover.png",
  "tags": [
    "Tabs"
  ],
  "fork": [
    "zen"
  ]
}