{
  "id": "floating-sidebar",
  "name": "Floating Sidebar",
  "description": "Lightweight script to, make firefox Sidebar Floating also option to pin/unpin the sidebar.",
  "author": "Bibek Bhusal",
  "version": "1.1.0",
  "updatedAt": "2026-01-04",
  "tags": [
    "Sidebar",
    "Pin"
  ],
  "preferences": "https://raw.githubusercontent.com/Vertex-Mods/Floating-Sidebar/main/preferences.json",
  "style": "https://raw.githubusercontent.com/Vertex-Mods/Floating-Sidebar/main/style.css",
  "js": true,
  "readme": "https://raw.githubusercontent.com/Vertex-Mods/Floating-Sidebar/main/README.md",
  "createdAt": "2025-06-23"
}