{
  "id": "Auto-Tab-Sort-Folders",
  "js": true,
  "homepage": "https://github.com/Comp-Tech-Guy/Auto-Tab-Sort-Folders",
  "author": "CompTechGuy",
  "name": "Auto-Tab-Sort-Folders",
  "description": "Sorting Tabs into Folders or Tab groups (Nothing is working now)",
  "version": "1.0.0",
  "preferences": "https://raw.githubusercontent.com/Comp-Tech-Guy/Auto-Tab-Sort-Folders/refs/heads/main/preference.json",
  "readme": "https://raw.githubusercontent.com/Comp-Tech-Guy/Auto-Tab-Sort-Folders/refs/heads/main/README.md",
  "tags":[
    "Helpful"
  ],
  "fork": ["zen"]
}
