[
    {
        "type": "text",
        "label": "Better Zen Gradient Picker",
        "margin": "30px 0 30px 0",
        "size": "20px"
    },
    {
        "type": "separator",
        "label": "Optional Features",
        "margin": "15px 0 15px 0"
    },
    {
        "type": "checkbox",
        "property": "zen.theme.dynamic-theme-switching",
        "label": "Dynamic Theme: Browser will automatically switch between light and dark mode depending on gradient lightness. (Note: you must have light-dark switched to auto for this to work)",
        "margin": "12px 0"
    }
]