{
    "id": "dialog-fix",
    "homepage": "https://github.com/qumeqa/dialog-fix",
    "author": "qumeqa",
    "name": "Dialog Fix",
    "description": "Fixes dialog colors to match your current theme",
    "version": "1.0",
    "createdAt": "2026-01-17",
    "updatedAt": "2026-02-17",
    "style": {
        "chrome": "userChrome.css"
    },
    "readme": "https://raw.githubusercontent.com/qumeqa/dialog-fix/refs/heads/main/README.md",
    "image": "https://raw.githubusercontent.com/qumeqa/dialog-fix/refs/heads/main/cover.png",
    "tags": [
        "dialog",
        "fix"
    ],
    "fork": ["zen"]
}
