{
    "id": "ai-tabgroups-zenbrowser",
    "name": "Tidy Tabs",
    "description": "The script sorts the temporary tabs into tabgroups using ai for a more cleaner organized browsing experience. Inspired by Arc Max Tidy feature. ",
    "homepage": "https://github.com/Darsh-A/Ai-TabGroups-ZenBrowser",
    "preferences": "https://raw.githubusercontent.com/Darsh-A/Ai-TabGroups-ZenBrowser/main/preferences.json",
    "image": "https://github.com/Darsh-A/Ai-TabGroups-ZenBrowser/blob/main/image.jpg?raw=true",
    "js": true,
    "readme": "https://raw.githubusercontent.com/Darsh-A/Ai-TabGroups-ZenBrowser/refs/heads/main/README.md",
    "author": "Darsh A",
    "version": "5.1.0",
    "tags": [
        "sine",
        "Tab Sort Clear",
        "Tab Groups",
        "fx-autoconfig",
        "JavaScript",
        "Darsh A"
    ],
    "createdAt": "2025-05-26",
    "updatedAt": "2025-09-04",
    "fork": ["zen"]
}
