{
  "id": "zen-drop-link",
  "name": "Zen Drop Link to Split",
  "description": "This mod allows you to split tabs by drag and drop links",
  "homepage": "https://github.com/octaviusz/zen-drop-link",
  "readme": "https://raw.githubusercontent.com/octaviusz/zen-drop-link/refs/heads/main/README.md",
  "style": {
    "chrome": "userChrome.css"
  },
  "scripts": {
    "file.uc.js": {
      "include": [
        "chrome://browser/content/browser.xhtml"
      ]
    }
  },
  "author": "octaviusz",
  "version": "0.0.2",
  "tags": [
    "sine",
    "fx-autoconfig",
    "split tabs"
  ],
  "createdAt": "2025-06-17",
  "updatedAt": "2025-06-29",
  "fork": ["zen"]
}
