{
  "id": "Nebula",
  "scripts": {
    "JS/Nebula.uc.js": {
      "name": "Core script",
      "include": [
        "chrome://browser/content/browser.xhtml"
      ]
    }
  },
  "style": {
    "chrome": "userChrome.css",
    "content": "userContent.css"
  },
  "homepage": "https://github.com/JustADumbPrsn/Zen-Nebula",
  "author": "JustADumbPrsn",
  "name": "Nebula",
  "description": "A beautiful theme made for Zen Browser :))",
  "version": "3.3.3",
  "createdAt": "2025-05-31",
  "updatedAt": "2025-10-28",
  "readme": "https://raw.githubusercontent.com/JustADumbPrsn/Zen-Nebula/main/README.md",
  "image": "https://i.ibb.co/Lqk4krw/Screenshot-2025-09-03-232353.png",
  "tags": [
    "content",
    "chrome",
    "minimal"
  ],
  "fork": ["zen"]
}
