[
    {
        "type": "text",
        "label": "General",
        "margin": "30px 0 15px 0",
        "size": "20px"
    },
    {
        "type": "checkbox",
        "property": "nova-enable-border",
        "label": "Enable border (appears around all pop-ups and panels)",
        "defaultValue": false
    },
    {
        "type": "checkbox",
        "property": "nova-site-remove-shadow",
        "label": "Remove shadow from site window",
        "defaultValue": true
    },
    {
        "type": "checkbox",
        "property": "nova-tabs-remove-shadow",
        "label": "Remove shadow from tabs",
        "defaultValue": true
    },
    {
        "type": "checkbox",
        "property": "nova-enable-new-tabs",
        "label": "New Essentials background colors (experemental)",
        "defaultValue": true
    },
    {
        "type": "checkbox",
        "property": "nova-custom-border-radius",
        "label": "Larger border radius (experemental)",
        "defaultValue": false
    },
    {
        "type": "checkbox",
        "property": "nova-custom-font",
        "label": "Custom font (experemental)",
        "defaultValue": false
    },
    {
        "property": "nova-custom-font-text",
        "label": "Custom font family:",
        "type": "string",
        "placeholder": "Vela Sans"
    },
    {
        "type": "text",
        "label": "Mods",
        "margin": "30px 0 15px 0",
        "size": "20px"
    },
    {
        "type": "checkbox",
        "property": "nova-enable-corner-fix",
        "label": "Bleeding Corners Fix (fix the white outlines on the rounded corners)",
        "defaultValue": true
    },
    {
        "type": "checkbox",
        "property": "nova-enable-quietify",
        "label": "Quietify (add a calm visualizer type of animation to mute button to use with style and ease)",
        "defaultValue": true
    },
    {
        "type": "text",
        "label": "Hide popup buttons",
        "margin": "30px 0 15px 0",
        "size": "20px"
    },
    {
        "type": "checkbox",
        "property": "nova-popup-tab",
        "label": "New Tab Below",
        "defaultValue": true
    },
    {
        "type": "checkbox",
        "property": "nova-popup-folder",
        "label": "New Folder",
        "defaultValue": true
    },
    {
        "type": "checkbox",
        "property": "nova-popup-rename",
        "label": "Change Label",
        "defaultValue": true
    },
    {
        "type": "checkbox",
        "property": "nova-popup-icon",
        "label": "Change Icon",
        "defaultValue": true
    },
    {
        "type": "checkbox",
        "property": "nova-popup-share",
        "label": "Share",
        "defaultValue": true
    },
    {
        "type": "text",
        "label": "Hide toolbar menu buttons",
        "margin": "30px 0 15px 0",
        "size": "20px"
    },
    {
        "type": "checkbox",
        "property": "nova-toolbar-folder",
        "label": "New Folder",
        "defaultValue": true
    },
    {
        "type": "text",
        "label": "Hide app menu buttons",
        "margin": "30px 0 15px 0",
        "size": "20px"
    },
    {
        "type": "checkbox",
        "property": "nova-appmenu-print",
        "label": "Print",
        "defaultValue": true
    },
    {
        "type": "checkbox",
        "property": "nova-appmenu-save",
        "label": "Save page as",
        "defaultValue": true
    },
    {
        "type": "checkbox",
        "property": "nova-appmenu-help",
        "label": "Help",
        "defaultValue": true
    },
    {
        "type": "checkbox",
        "property": "nova-appmenu-report",
        "label": "Report broken site",
        "defaultValue": true
    }
]