[
    {
        "property": "theme.supergradient.preset",
        "label": "Gradient Preset",
        "type": "dropdown",
        "placeholder": "Select a Gradient",
        "defaultValue": "AmethystClaret",
        "options": [
            {
                "label": "Northern Horizen",
                "value": "NorthernHorizen"
            },
            {
                "label": "Scarlet Dusk",
                "value": "ScarletDusk"
            },
            {
                "label": "Amethyst Claret",
                "value": "AmethystClaret"
            },
            {
                "label": "Olive Sunset",
                "value": "OliveSunset"
            },
            {
                "label": "Midnight Majesty",
                "value": "MidnightMajesty"
            },
            {
                "label": "Zen Galaxy/Dream Legacy Theme",
                "value": "GalaxyDream"
            },
            {
                "label": "Custom Gradient: Use your own colors!",
                "value": "CustomGradient"
            }
        ]
    },
    {
        "property": "theme.supergradient.intensity",
        "label": "Gradient Intensity (Does not work with Custom Gradients!)",
        "type": "dropdown",
        "placeholder": "Select the Gradient Intensity",
        "defaultValue": "Normal",
        "options": [
            {
                "label": "Really Subtle",
                "value": "ReallySubtle"
            },
            {
                "label": "Rather Subtle",
                "value": "RatherSubtle"
            },
            {
                "label": "Normal",
                "value": "Normal"
            },
            {
                "label": "Rather Intense",
                "value": "RatherIntense"
            },
            {
                "label": "Really Intense",
                "value": "ReallyIntense"
            }
        ]
    },
    {
        "property": "theme.supergradient.film-grain-intensity",
        "label": "Film Grain Intensity",
        "type": "dropdown",
        "options": [
            {
                "label": "Subtle",
                "value": "Subtle"
            },
            {
                "label": "Normal",
                "value": "Normal"
            },
            {
                "label": "Intense",
                "value": "Intense"
            }
        ]
    },
    {
        "property": "uc.supergradient.custom-colors.1",
        "label": "Custom Color 1 (Top-Left)",
        "placeholder": "Enter Color Code",
        "type": "string"
    },
    {
        "property": "uc.supergradient.custom-colors.2",
        "label": "Custom Color 2 (Middle)",
        "placeholder": "Enter Color Code",
        "type": "string"
    },
    {
        "property": "uc.supergradient.custom-colors.3",
        "label": "Custom Color 3 (Top-Right'ish to Bottom-Middle)",
        "placeholder": "Enter Color Code",
        "type": "string"
    },
    {
        "property": "uc.supergradient.custom-colors.4",
        "label": "Custom Color 4 (Bottom-Right)",
        "placeholder": "Enter Color Code",
        "type": "string"
    },
    {
        "property": "uc.supergradient.desaturate",
        "label": "Desaturates the colors of the gradient. (Does not work with Custom Gradients!)",
        "type": "checkbox"
    },
    {
        "property": "uc.supergradient.use-accent-color",
        "label": "Uses Zen's accent colors (e.g. on tabs etc., set in Zen's Look and Feel setting) instead of accent colors adjusted for the gradient.",
        "type": "checkbox"
    },
    {
        "property": "uc.supergradient.switch-colors",
        "label": "Switches the colors orders in the gradient.",
        "type": "checkbox"
    }
]