{
    "id": "af7ee14f-e9d4-4806-8438-c59b02b77715",
    "name": "SuperGradient",
    "description": "This Zen Theme gives you great looking gradients with many options to customize it to your liking.",
    "homepage": "https://github.com/JLBlk/Zen-Themes/tree/main/SuperGradient",
    "style": "https://raw.githubusercontent.com/zen-browser/theme-store/main/themes/af7ee14f-e9d4-4806-8438-c59b02b77715/chrome.css",
    "readme": "https://raw.githubusercontent.com/zen-browser/theme-store/main/themes/af7ee14f-e9d4-4806-8438-c59b02b77715/readme.md",
    "image": "https://raw.githubusercontent.com/zen-browser/theme-store/main/themes/af7ee14f-e9d4-4806-8438-c59b02b77715/image.png",
    "author": "JLBlk",
    "version": "1.2.1",
    "preferences": "https://raw.githubusercontent.com/zen-browser/theme-store/main/themes/af7ee14f-e9d4-4806-8438-c59b02b77715/preferences.json",
    "tags": [],
    "createdAt": "2024-09-15",
    "updatedAt": "2024-10-06"
}