{
  "id": "compact-settings",
  "homepage": "https://github.com/Vertex-Mods/Compact-Settings",
  "name": "Compact Settings",
  "description": "Make settings and addons sidebar compact",
  "author": "Bibek Bhusal",
  "version": "1.0.2",
  "updatedAt": "2026-01-27",
  "tags": [
    "Settings",
    "Compact",
    "Addon",
    "Sidebar",
    "Grid"
  ],
  "style": {
    "content": "userContent.css"
  },
  "readme": "https://raw.githubusercontent.com/Vertex-Mods/Compact-Settings/main/README.md",
  "createdAt": "2024-01-26"
}