{
  "id": "3699917d-0238-422a-bb4b-9d37344c0c5f",
  "name": "Custom Swipe Animation & Color",
  "description": "Customizable trackpad swipe transitions and the colors for the swipe UI.",
  "homepage": "https://github.com/rasyidrafi/zen-single-trackpad-animation",
  "image": "https://github.com/rasyidrafi/zen-single-trackpad-animation/blob/main/image.png?raw=true",
  "style": {
    "chrome": "https://raw.githubusercontent.com/rasyidrafi/zen-single-trackpad-animation/refs/heads/main/chrome.css"
  },
  "readme": "https://raw.githubusercontent.com/rasyidrafi/zen-single-trackpad-animation/refs/heads/main/README.md",
  "preferences": "https://raw.githubusercontent.com/rasyidrafi/zen-single-trackpad-animation/refs/heads/main/preferences.json",
  "author": "rasyidrafi",
  "version": "2.0.5",
  "tags": [
    "Animation",
    "UI"
  ],
  "createdAt": "2025-07-29",
  "updatedAt": "2025-08-01",
  "fork": ["zen", "firefox"]
}
