{
  "id": "search-engine-select",
  "homepage": "https://github.com/Vertex-Mods/Search-Engine-Select",
  "name": "Search Engine Select",
  "description": "Adds a floating UI to switch search engines on a search results page.",
  "author": "Bibek Bhusal",
  "version": "1.1.2",
  "updatedAt": "2026-01-16",
  "tags": [
    "Search",
    "Search Engine",
    "Google"
  ],
  "fork": [
    "zen"
  ],
  "preferences": "preferences.json",
  "style": {
    "chrome": "style.css"
  },
  "scripts": {
    "search-engine-select.uc.js": {
      "include": [
        "chrome://browser/content/browser.xhtml"
      ]
    }
  },
  "readme": "https://raw.githubusercontent.com/Vertex-Mods/Search-Engine-Select/main/README.md",
  "createdAt": "2025-06-23"
}