{
  "id": "search-engine-select",
  "name": "Search Engine Select",
  "description": "Adds a floating UI to switch search engines on a search results page.",
  "author": "Bibek Bhusal",
  "version": "1.1.0",
  "updatedAt": "2026-01-04",
  "tags": [
    "Search",
    "Search Engine",
    "Google"
  ],
  "fork": [
    "zen"
  ],
  "preferences": "https://raw.githubusercontent.com/Vertex-Mods/Search-Engine-Select/main/preferences.json",
  "style": "https://raw.githubusercontent.com/Vertex-Mods/Search-Engine-Select/main/style.css",
  "js": true,
  "readme": "https://raw.githubusercontent.com/Vertex-Mods/Search-Engine-Select/main/README.md",
  "createdAt": "2025-06-23"
}