[
  {
    "type": "text",
    "label": "🌎 General Settings",
    "margin": "30px 0 30px 0",
    "size": "20px"
  },
    {
      "type": "separator",
      "label": "🔭 Tab Animations",
      "margin": "15px 0 15px 0"
    },
      {
        "type": "dropdown",
        "property": "nebula-tab-switch-animation",
        "label": "Tab Switch Animation",
        "value": "number",
        "defaultValue": 1,
        "placeholder": false,
        "options": [
          { "label": "No Animation", "value": 0 },
          { "label": "Default", "value": 1 },
          { "label": "Bounce Up", "value": 3 },
          { "label": "Bounce Smooth", "value": 2 },
          { "label": "Crossfade", "value": 4 },
          { "label": "Zoom Out", "value": 5 }
        ]
      },
      {
        "type": "dropdown",
        "property": "nebula-tab-loading-animation",
        "label": "Tab Loading Animation",
        "value": "number",
        "defaultValue": 1,
        "placeholder": false,
        "options": [
          { "label": "No Animation", "value": 0 },
          { "label": "Default", "value": 1 },
          { "label": "Scale Blur", "value": 3 },
          { "label": "More Blur", "value": 2 },
          { "label": "Grayscale", "value": 4 },
          { "label": "Grayscale + Blur", "value": 5 },
          { "label": "Blur (Old Default)", "value": 6 }
        ]
      },
    {
      "type": "separator",
      "label": "🛰️ URL Bar Animations",
      "margin": "15px 0 15px 0"
    },
      {
        "type": "dropdown",
        "property": "nebula-urlbar-animation",
        "label": "URL Bar Animation",
        "value": "number",
        "defaultValue": 1,
        "placeholder": false,
        "options": [
          { "label": "No Animation", "value": 0 },
          { "label": "Default", "value": 1 },
          { "label": "Scale Down", "value": 2 },
          { "label": "Grayscale", "value": 3 }
        ]
      },
    {
      "type": "separator",
      "label": "🔖 Bookmark bar",
      "margin": "15px 0 15px 0"
    }, 
      {
        "type": "dropdown",
        "value": "number",
        "property": "nebula-bookmarks-autohide",
        "label": "Automatically hide the bookmarks bar ",
        "defaultValue": 0,
        "placeholder": false,
        "options": [
          {"label": "Disable","value": 0},  
          {"label": "Display if hovered over topbar","value": 1},           
          {"label": "Display when search","value": 2},
          {"label": "Display in both cases","value": 3}
        ]
      },
    {
      "type": "separator",
      "label": "🛸 Glow Effects",
      "margin": "15px 0 15px 0"
    },
      {
        "type": "dropdown",
        "property": "nebula-glow-gradient",
        "label": "Hover Glow Animations",
        "value": "number",
        "defaultValue": 1,
        "placeholder": false,
        "options": [
          { "label": "None", "value": 0 },
          { "label": "Zen Color", "value": 1 },
          { "label": "Monochrome", "value": 2 },
          { "label": "RGB", "value": 3 }
        ]
      },
      {
        "type": "dropdown",
        "property": "nebula-active-tab-glow",
        "label": "Active Tab Glow",
        "value": "number",
        "defaultValue": 0,
        "placeholder": false,
        "options": [
          { "label": "None", "value": 0 },
          { "label": "Zen color", "value": 1 },
          { "label": "Tab Icon Color", "value": 2 }
        ],
        "margin": "12px 0"
      },
    {
      "type": "separator",
      "label": "☄️ Workspace Buttons",
      "margin": "15px 0 15px 0"
    },
      {
        "type": "dropdown",
        "property": "nebula-workspace-style",
        "label": "Workspace Button Style",
        "value": "number",
        "defaultValue": 1,
        "placeholder": false,
        "options": [
          { "label": "No background", "value": 0 },
          { "label": "Default", "value": 1 },
          { "label": "MacOS Dock Inspired", "value": 2 }
        ]
      },
    {
      "type": "separator",
      "label": "🌟 Audio Buttons",
      "margin": "15px 0 15px 0"
    },
      {
        "type": "dropdown",
        "property": "nebula-default-sound-style",
        "label": "Audio Button Style",
        "value": "number",
        "defaultValue": 1,
        "placeholder": false,
        "options": [
          { "label": "Disable", "value": 0 },
          { "label": "Default", "value": 1 },
          { "label": "Floating", "value": 2 }
        ]
      },
    {
      "type": "separator",
      "label": "🚥 Window Control Buttons",
      "margin": "15px 0 15px 0"
    },
      {
        "type": "checkbox",
        "property": "nebula-macos-style-buttons",
        "label": "Enable macOS-style window control buttons"
      },
      {
        "type": "checkbox",
        "property": "zen.view.experimental-force-window-controls-left",
        "label": "Force window controls to left side (Restart)"
      },

{
  "type": "separator",
  "label": "",
  "margin": "15px 0 15px 0"
},

{
  "type": "text",
  "label": "🌙 Config Options",
  "margin": "15px 0 30px 0",
  "size": "20px"
},
  {
    "type": "checkbox",
    "property": "nebula-tabs-no-shadow",
    "label": "Disable the shadow around web view",
    "margin": "12px 0"
  },
  {
    "type": "checkbox",
    "property": "nebula-disable-container-styling",
    "label": "Disable container tab styling",
    "margin": "12px 0"
  },
  {
    "type": "checkbox",
    "property": "nebula-pinned-tabs-bg",
    "label": "Disable background on pinned tabs",
    "margin": "12px 0"
  },
  {
    "type": "checkbox",
    "property": "nebula-remove-workspace-indicator",
    "label": "Disable workspace indicator",
    "margin": "12px 0"
  },
  {
    "type": "checkbox",
    "property": "nebula-turn-off-zen-menu-icon",
    "label": "Disable the Zen icon from menu button",
    "margin": "12px 0"
  },
  {
    "type": "checkbox",
    "property": "nebula-disable-menu-animations",
    "label": "Disable the Context Menu Animations",
    "margin": "12px 0"
  },
  {
    "type": "checkbox",
    "property": "nebula-essentials-gray-icons",
    "label": "Enable gray out essentials icons when idle",
    "margin": "12px 0"
  },
  {
    "type": "checkbox",
    "property": "nebula-folder-styling",
    "label": "Enable Zen Folders styling",
    "margin": "12px 0"
  },
  {
    "type": "checkbox",
    "property": "nebula-nogaps-mod",
    "label": "Enable NoGaps mod",
    "margin": "12px 0"
  },
  {
    "type": "checkbox",
    "property": "nebula-pinned-extensions-mod",
    "label": "Enable pinned extensions mod (see GitHub for setup)",
    "margin": "12px 0"
  },

{
  "type": "separator",
  "label": "",
  "margin": "15px 0 15px 0"
},

{
  "type": "text",
  "label": "🪐 Config Variables",
  "margin": "15px 0 30px 0",
  "size": "20px"
},
  {
    "type": "separator",
    "label": "✨ Glass &  Blur Effects",
    "margin": "15px 0 15px 0"
  },
    {
      "type": "string",
      "property": "var-nebula-glass-blur",
      "label": "Nebula Glass Blur",
      "defaultValue": "32px",
      "placeholder": "e.g. 32px"
    },
    {
      "type": "string",
      "property": "var-nebula-glass-saturation",
      "label": "Nebula Glass Saturation",
      "defaultValue": "140%",
      "placeholder": "e.g. 140%"
    },
    {
      "type": "string",
      "property": "var-nebula-color-glass-light",
      "label": "Nebula Glass Color (light)",
      "defaultValue": "rgba(255, 255, 255, 0.4)",
      "placeholder": "rgba(255, 255, 255, 0.4)"
    },
    {
      "type": "string",
      "property": "var-nebula-color-glass-dark",
      "label": "Nebula Glass Color (dark)",
      "defaultValue": "rgba(0, 0, 0, 0.4)",
      "placeholder": "rgba(0, 0, 0, 0.4)"
    },
  {
    "type": "separator",
    "label": "🌌 UI &  Website Tint",
    "margin": "15px 0 15px 0"
  },
    {
      "type": "string",
      "property": "var-nebula-ui-tint-light",
      "label": "UI Tint (light)",
      "defaultValue": "rgba(255,255,255,0.2)",
      "placeholder": "rgba(255,255,255,0.2)"
    },
    {
      "type": "string",
      "property": "var-nebula-ui-tint-dark",
      "label": "UI Tint (dark)",
      "defaultValue": "rgba(0,0,0,0.2)",
      "placeholder": "rgba(0,0,0,0.2)"
    },
    {
      "type": "string",
      "property": "var-nebula-website-tint-light",
      "label": "Website Tint (light)",
      "defaultValue": "rgba(255,255,255,0)",
      "placeholder": "rgba(255,255,255,0)"
    },
    {
      "type": "string",
      "property": "var-nebula-website-tint-dark",
      "label": "Website Tint (dark)",
      "defaultValue": "rgba(0,0,0,0)",
      "placeholder": "rgba(0,0,0,0)"
    },
  {
    "type": "separator",
    "label": "🌠 Colors",
    "margin": "15px 0 15px 0"
  },
    {
      "type": "string",
      "property": "var-nebula-tabs-minimum-light",
      "label": "Pinned Tabs (light)",
      "defaultValue": "rgba(255, 255, 255, 0.1)",
      "placeholder": "rgba(255, 255, 255, 0.1)"
    },
    {
      "type": "string",
      "property": "var-nebula-tabs-minimum-dark",
      "label": "Pinned Tabs (dark)",
      "defaultValue": "rgba(0, 0, 0, 0.2)",
      "placeholder": "rgba(0, 0, 0, 0.2)"
    },
    {
      "type": "string",
      "property": "var-nebula-tabs-default-light",
      "label": "Tab Default (light)",
      "defaultValue": "rgba(255,255,255,0.25)",
      "placeholder": "rgba(255,255,255,0.25)"
    },
    {
      "type": "string",
      "property": "var-nebula-tabs-default-dark",
      "label": "Tab Default (dark)",
      "defaultValue": "rgba(0,0,0,0.35)",
      "placeholder": "rgba(0,0,0,0.35)"
    },
    {
      "type": "string",
      "property": "var-nebula-tabs-hover-light",
      "label": "Tab Hover (light)",
      "defaultValue": "rgba(255,255,255,0.35)",
      "placeholder": "rgba(255,255,255,0.35)"
    },
    {
      "type": "string",
      "property": "var-nebula-tabs-hover-dark",
      "label": "Tab Hover (dark)",
      "defaultValue": "rgba(0,0,0,0.45)",
      "placeholder": "rgba(0,0,0,0.45)"
    },
    {
      "type": "string",
      "property": "var-nebula-tabs-selected-light",
      "label": "Tab Selected (light)",
      "defaultValue": "rgba(255,255,255,0.45)",
      "placeholder": "rgba(255,255,255,0.45)"
    },
    {
      "type": "string",
      "property": "var-nebula-tabs-selected-dark",
      "label": "Tab Selected (dark)",
      "defaultValue": "rgba(0,0,0,0.55)",
      "placeholder": "rgba(0,0,0,0.55)"
    },
    {
      "type": "string",
      "property": "var-nebula-color-shadow-light",
      "label": "Color of Shadows (light)",
      "defaultValue": "rgba(255, 255, 255, 0.055)",
      "placeholder": "rgba(255, 255, 255, 0.055)"
    },
    {
      "type": "string",
      "property": "var-nebula-color-shadow-dark",
      "label": "Color of Shadows (dark)",
      "defaultValue": "rgba(0, 0, 0, 0.55)",
      "placeholder": "rgba(0, 0, 0, 0.55)"
    },
  {
    "type": "separator",
    "label": "🌙 Layout",
    "margin": "15px 0 15px 0"
  },
    {
      "type": "string",
      "property": "var-nebula-border-radius",
      "label": "Border Radius (Roundness of UI)",
      "defaultValue": "13px",
      "placeholder": "e.g. 13px"
    },
    {
      "type": "string",
      "property": "var-nebula-essentials-width",
      "label": "Essential Tabs Width",
      "defaultValue": "60px",
      "placeholder": "e.g. 60px"
    },
    {
      "type": "string",
      "property": "var-nebula-workspace-grayscale",
      "label": "Workspace Buttons Grayscale",
      "defaultValue": "100%",
      "placeholder": "e.g. 100%"
    }
]
