{
    "id": "firefox-smooth-vertical-tabs-animation",
    "name": "Smooth Vertical Tabs Animation",
    "description": "Fixes missing animation on unhover",
    "homepage": "https://github.com/StormAnon/firefox-smooth-vertical-tabs-animation",
    "style": "https://github.com/StormAnon/firefox-smooth-vertical-tabs-animation/blob/main/userChrome.css",
    "readme": "https://github.com/StormAnon/firefox-smooth-vertical-tabs-animation/blob/main/README.md",
    "image": "https://github.com/StormAnon/firefox-smooth-vertical-tabs-animation/blob/main/image.png",
    "author": "StormAnon",
    "version": "1.0.0",
    "fork": ["firefox"],
    "tags": [
        "ui",
        "customization"
    ]
}
