{
  "id": "reopen-closed-tabs",
  "homepage": "https://github.com/Vertex-Mods/Reopen-Closed-Tabs-Menu",
  "name": "Reopen Closed Tabs Menu",
  "description": "A popup menu to view and restore recently closed tabs. Includes a toolbar button and keyboard shortcut.",
  "author": "Bibek Bhusal",
  "version": "1.1.3",
  "updatedAt": "2026-01-29",
  "tags": [
    "tabs",
    "history",
    "reopen",
    "closed tabs",
    "productivity",
    "zen browser"
  ],
  "fork": [
    "zen"
  ],
  "preferences": "preferences.json",
  "style": {
    "chrome": "style.css"
  },
  "scripts": {
    "reopen-closed-tabs.uc.js": {
      "include": [
        "chrome://browser/content/browser.xhtml"
      ]
    }
  },
  "readme": "https://raw.githubusercontent.com/Vertex-Mods/Reopen-Closed-Tabs-Menu/main/readme.md",
  "createdAt": "2025-09-22"
}