{
  "id": "reopen-closed-tabs",
  "name": "Reopen Closed Tabs Menu",
  "description": "A popup menu to view and restore recently closed tabs. Includes a toolbar button and keyboard shortcut.",
  "author": "Bibek Bhusal",
  "version": "1.1.0",
  "updatedAt": "2026-01-04",
  "tags": [
    "tabs",
    "history",
    "reopen",
    "closed tabs",
    "productivity",
    "zen browser"
  ],
  "fork": [
    "zen"
  ],
  "preferences": "https://raw.githubusercontent.com/Vertex-Mods/Reopen-Closed-Tabs-Menu/main/preferences.json",
  "style": "https://raw.githubusercontent.com/Vertex-Mods/Reopen-Closed-Tabs-Menu/main/style.css",
  "js": true,
  "readme": "https://raw.githubusercontent.com/Vertex-Mods/Reopen-Closed-Tabs-Menu/main/README.md",
  "createdAt": "2025-09-22"
}