{
  "id": "browse-bot",
  "name": "Browse Bot",
  "description": "Transforms the standard Zen Browser findbar into a modern, floating, AI-powered chat interface. Inspired by Arc Browser.",
  "homepage": "https://github.com/BibekBhusal0/zen-custom-js/tree/main/findbar-ai",
  "preferences": "https://raw.githubusercontent.com/BibekBhusal0/zen-custom-js/main/findbar-ai/preferences.json",
  "style": "https://raw.githubusercontent.com/BibekBhusal0/zen-custom-js/refs/heads/main/findbar-ai/style.css",
  "js": true,
  "readme": "https://raw.githubusercontent.com/BibekBhusal0/zen-custom-js/main/findbar-ai/README.md",
  "author": "Bibek Bhusal",
  "version": "2.0.0",
  "tags": [
    "ai",
    "findbar",
    "Arc",
    "gemini",
    "Artificial Intelligence",
    "LLM",
    "sine",
    "zen browser",
    "chat",
    "BrowseBot",
    "Mistral",
    "ChatGPT",
    "Claude"
  ],
  "createdAt": "2024-05-22",
  "updatedAt": "2025-12-27",
  "fork": ["zen"]
}
