[
  {
    "type": "separator",
    "label": "Fork"
  },
  {
    "type": "text",
    "label": "For browsers based on Firefox 137 or below, you'll need to set the fork manually in about:config like this: https://github.com/zapSNH/zapsCoolPhotonTheme?tab=readme-ov-file#forks-"
  },
  {
    "type": "dropdown",
    "property": "uc.forks",
    "value": "string",
    "label": "Select a fork",
    "defaultValue": "firefox",
    "placeholder": false,
    "options": [
      { "label": "Firefox", "value": "firefox" },
      { "label": "Waterfox", "value": "waterfox" },
      { "label": "Floorp", "value": "floorp" },
      { "label": "LibreWolf", "value": "librewolf" },
      { "label": "Tor Browser", "value": "tor" },
      { "label": "Mullvad", "value": "mullvad" }
    ]
  },

  {
    "type": "separator",
    "label": "Tabs"
  },
  {
    "type": "checkbox",
    "property": "uc.bottom-tabs",
    "label": "Bottom tabs",
    "defaultValue": false
  },
  {
    "type": "checkbox",
    "property": "uc.bottom-tabs.bookmark-on-top",
    "label": "Bottom tabs with bookmarks bar on top",
    "defaultValue": false,
    "conditions": [
      {"if": {"property": "uc.bottom-tabs", "value": true}}
    ]
  },
  {
    "type": "checkbox",
    "property": "uc.sidebery",
    "label": "Vertical tabs with Sidebery",
    "defaultValue": false
  },
  {
    "type": "checkbox",
    "property": "uc.theme.tab-color-same-as-navbar",
    "label": "Tab color takes the navbar color",
    "defaultValue": false,
    "conditions": [
      {"if": {"property": "uc.theme.navbar-color-same-as-tab", "value": false}}
    ]
  },
  {
    "type": "checkbox",
    "property": "uc.theme.navbar-color-same-as-tab",
    "label": "Navbar color takes the tab color",
    "defaultValue": false,
    "conditions": [
      {"if": {"property": "uc.theme.tab-color-same-as-navbar", "value": false}}
    ]
  },
  {
    "type": "checkbox",
    "property": "uc.full-width-tabs",
    "label": "Full width tabs",
    "defaultValue": false
  },
  {
    "type": "checkbox",
    "property": "uc.revert-all-tabs-behavior",
    "label": "Only show the all tabs button when the tab bar is overflowing just like pre-Photon/early-Proton",
    "defaultValue": false
  },
  {
    "type": "checkbox",
    "property": "uc.always-show-close-button",
    "label": "Always show the tab close button even when the tabs are small",
    "defaultValue": false
  },

  {
    "type": "separator",
    "label": "URLBar"
  },
  {
    "type": "checkbox",
    "property": "uc.reduced-megabar",
    "label": "Slightly smaller Proton-sized megabar",
    "defaultValue": false,
    "conditions": [
      {"if": {"property": "uc.no-megabar", "value": false}}
    ]
  },
  {
    "type": "checkbox",
    "property": "uc.no-megabar",
    "label": "No megabar",
    "defaultValue": false,
    "conditions": [
      {"if": {"property": "uc.reduced-megabar", "value": false}}
    ]
  },

  {
    "type": "separator",
    "label": "Menus"
  },
  {
    "type": "checkbox",
    "property": "uc.contextmenu.win-10",
    "label": "Windows 10 styled menu",
    "defaultValue": false,
    "conditions": [
      {"if": {"property": "uc.contextmenu.win-11", "value": false}}
    ]
  },
  {
    "type": "checkbox",
    "property": "uc.contextmenu.win-11",
    "label": "Windows 11 styled menu",
    "defaultValue": false,
    "conditions": [
      {"if": {"property": "uc.contextmenu.win-10", "value": false}}
    ]
  },
  {
    "type": "checkbox",
    "property": "uc.contextmenu.dark",
    "label": "Dark context menu w/ Windows 10/11 styled context menu",
    "defaultValue": false,
    "conditions": [
      {"if": {"property": "uc.contextmenu.light", "value": false}},
      {
        "conditions": [
          {"if": {"property": "uc.contextmenu.win-10", "value": true}},
          {"if": {"property": "uc.contextmenu.win-11", "value": true}}
        ],
        "operator": "OR"
      }
    ],
    "operator": "AND"
  },
  {
    "type": "checkbox",
    "property": "uc.contextmenu.light",
    "label": "Light context menu w/ Windows 10/11 styled context menu",
    "defaultValue": false,
    "conditions": [
      {"if": {"property": "uc.contextmenu.dark", "value": false}},
      {
        "conditions": [
          {"if": {"property": "uc.contextmenu.win-10", "value": true}},
          {"if": {"property": "uc.contextmenu.win-11", "value": true}}
        ],
        "operator": "OR"
      }
    ],
    "operator": "AND"
  },
  {
    "type": "checkbox",
    "property": "uc.popups.transparent",
    "label": "Transparent menus for Windows 11 and macOS (requires widget.windows.mica.popups set to 2 for Windows 11)",
    "defaultValue": false
  },

  {
    "type": "separator",
    "label": "Logos",
    "defaultValue": false
  },
  {
    "type": "checkbox",
    "property": "uc.logo.quantum",
    "label": "Use the pre-Firefox 70 quantum logo everywhere instead of the current one",
    "defaultValue": false
  },
  {
    "type": "checkbox",
    "property": "uc.logo.quantum.beta",
    "label": "Use the Firefox quantum beta logo everywhere",
    "defaultValue": false,
    "conditions": [
      {"if": {"property": "uc.logo.quantum", "value": true}}
    ]
  },
  {
    "type": "checkbox",
    "property": "uc.logo.quantum.dev",
    "label": "Use the Firefox quantum developer edition logo everywhere",
    "defaultValue": false,
    "conditions": [
      {"if": {"property": "uc.logo.quantum", "value": true}}
    ]
  },
  {
    "type": "checkbox",
    "property": "uc.logo.quantum.nightly",
    "label": "Use the Firefox quantum nightly logo everywhere",
    "defaultValue": false,
    "conditions": [
      {"if": {"property": "uc.logo.quantum", "value": true}}
    ]
  },

  {
    "type": "separator",
    "label": "Other"
  },
  {
    "type": "checkbox",
    "property": "uc.newtab.background",
    "label": "Enable contrast enhancements if you have a custom new tab background set",
    "defaultValue": false
  },
  {
    "type": "checkbox",
    "property": "uc.style-forms",
    "label": "Themes HTML Forms. May break some stuff.",
    "defaultValue": false
  },
  {
    "type": "checkbox",
    "property": "uc.toolbar.transparency",
    "label": "Makes the toolbar transparent to allow transparency effects such as Mica or Acrylic (effects can be configured by using programs such as MicaForEveryone)",
    "defaultValue": false
  },
  {
    "type": "checkbox",
    "property": "uc.toolbar.force-disable-accent-color",
    "label": "Force disables toolbar accent coloring on system themes.",
    "defaultValue": false
  },
  {
    "type": "checkbox",
    "property": "uc.popups.disable-transition",
    "label": "Disables the fading transition effect on menus and popups",
    "defaultValue": false
  },

  {
    "type": "separator",
    "label": "do not touch >:( (unless you want to)"
  },
  {
    "type": "checkbox",
    "property": "svg.context-properties.content.enabled",
    "label": "proper icon coloring, disabling this breaks the icons (>:[)",
    "defaultValue": true,
    "force": true
  },
  {
    "type": "checkbox",
    "property": "security.secure_connection_icon_color_gray",
    "label": "gray secure site icon",
    "defaultValue": true
  },
  {
    "type": "checkbox",
    "property": "browser.newtabpage.activity-stream.logowordmark.alwaysVisible",
    "label": "new firefox logo behavior",
    "defaultValue": false
  },
  {
    "type": "checkbox",
    "property": "browser.urlbar.scotchBonnet.enableOverride",
    "label": "new dropdown-style urlbar search shortcuts (this one's actually themed so you can disable it if you want)",
    "defaultValue": false
  },
  {
    "type": "dropdown",
    "property": "widget.windows.mica.popups",
    "value": "number",
    "label": "popup transparency mode for windows 11 (widget.windows.mica.popups)",
    "defaultValue": 0,
    "placeholder": false,
    "options": [
      { "label": "none (default)", "value": 0 },
      { "label": "transparent (required for transparent menus)", "value": 1 },
      { "label": "respect os settings", "value": 2 }
    ]
  }
]
