{
  "id": "zaps-cool-photon-theme",
  "name": "zap's cool photon theme",
  "description": "a cool photon theme for firefox-based browsers [but NOT zen >:(]",
  "homepage": "https://github.com/zapSNH/zapsCoolPhotonTheme",
  "preferences": "https://raw.githubusercontent.com/zapSNH/zapsCoolPhotonTheme/main/preferences.json",
  "readme": "https://raw.githubusercontent.com/zapSNH/zapsCoolPhotonTheme/main/README.md",
  "style": {
    "content": "https://raw.githubusercontent.com/zapSNH/zapsCoolPhotonTheme/main/userContent.css",
    "chrome": "https://raw.githubusercontent.com/zapSNH/zapsCoolPhotonTheme/main/userChrome.css"
  },
  "image": "https://i.imgur.com/FyzTFKg.png",
  "author": "ZapSNH",
  "version": "147.0",
  "tags": ["firefox", "photon", "legacy", "square"],
  "createdAt": "2023-08-09",
  "updatedAt": "2025-12-28",
  "fork": ["firefox", "waterfox", "floorp", "mullvad"]
}
