{
    "id": "ad97bb70-0066-4e42-9b5f-173a5e42c6fc",
    "name": "SuperPins",
    "description": "This Zen Mod enhances pinned tabs/Essentials, by making some UI/UX changes.",
    "homepage": "https://github.com/CosmoCreeper/Zen-Themes/tree/main/SuperPins",
    "style": {
        "chrome": "chrome.css"
    },
    "readme": "https://raw.githubusercontent.com/zen-browser/theme-store/main/themes/ad97bb70-0066-4e42-9b5f-173a5e42c6fc/readme.md",
    "image": "https://raw.githubusercontent.com/zen-browser/theme-store/main/themes/ad97bb70-0066-4e42-9b5f-173a5e42c6fc/image.png",
    "author": "CosmoCreeper",
    "version": "1.6.0",
    "preferences": "preferences.json",
    "tags": [
        "tabs"
    ],
    "createdAt": "2024-08-28",
    "updatedAt": "2026-01-26",
    "fork": ["zen"]
}
