[
  {
    "property": "extension.search-engine-select.enabled",
    "label": "Enable Search Engine Select",
    "type": "checkbox",
    "placeholder": false,
    "default": true,
    "description": "Globally enables or disables the floating search engine switcher UI."
  },
  {
    "property": "extension.search-engine-select.remember-position",
    "label": "Remember UI Position",
    "type": "checkbox",
    "placeholder": false,
    "default": true,
    "description": "Saves the vertical position of the switcher after you drag it.",
    "conditions": [
      {
        "if": {
          "property": "extension.search-engine-select.enabled",
          "value": true
        }
      }
    ]
  },
  {
    "property": "extension.search-engine-select.size",
    "label": "UI Size",
    "type": "dropdown",
    "default": "normal",
    "options": [
      { "label": "Small", "value": "small" },
      { "label": "Normal", "value": "normal" },
      { "label": "Large", "value": "large" }
    ],
    "description": "Adjust the overall size of the search engine switcher."
  },
  {
    "property": "extension.search-engine-select.theme",
    "label": "UI Theme",
    "type": "dropdown",
    "default": "dark",
    "options": [
      { "label": "Dark", "value": "dark" },
      { "label": "Light", "value": "light" },
      { "label": "AMOLED", "value": "amoled" }
    ],
    "description": "Choose a visual style for the switcher."
  },
  {
    "property": "extension.search-engine-select.debug-mode",
    "label": "Enable Debug Mode",
    "type": "checkbox",
    "placeholder": false,
    "default": false,
    "description": "Outputs detailed script information to the Browser Console."
  }
]
