{
  "id": "search-engine-select",
  "name": "Search Engine Select",
  "description": "Adds a floating UI to switch search engines on a search results page.",
  "homepage": "https://github.com/Vertex-Mods/Search-Engine-Select",
  "scripts": {
    "search-engine-select.uc.js": {
      "include": ["chrome://browser/content/browser.xhtml"]
    }
  },
  "preferences": "https://raw.githubusercontent.com/Vertex-Mods/Search-Engine-Select/main/preferences.json",
  "style": "https://raw.githubusercontent.com/Vertex-Mods/Search-Engine-Select/main/style.css",
  "readme": "https://raw.githubusercontent.com/Vertex-Mods/Search-Engine-Select/main/README.md",
  "author": "Bibek Bhusal",
  "version": "1.1.1b",
  "tags": ["Search", "Search Engine", "Google"],
  "createdAt": "2025-06-23",
  "updatedAt": "2026-01-09",
  "fork": ["zen"]
}
