{
    "id": "quick-tabs",
    "name": "Quick Tabs",
    "description": "A Quick and easy way to browse tabs without leaving focus of whats important.",
    "homepage": "https://github.com/Darsh-A/Quick-Tab",
    "preferences": "https://raw.githubusercontent.com/Darsh-A/Quick-Tab/refs/heads/main/preferences.json",
    "image": "https://github.com/Darsh-A/Quick-Tab/blob/main/image.png?raw=true",
    "scripts": {
        "Quick_Tabs.uc.js": {
            "include": [
                "chrome://browser/content/browser.xhtml"
            ]
        }
    },
    "readme": "https://raw.githubusercontent.com/Darsh-A/Quick-Tab/refs/heads/main/README.md",
    "author": "Darsh A",
    "version": "1.1.0",
    "tags": [
        "sine",
        "Quick Tab",
        "Tab",
        "Quick",
        "fx-autoconfig",
        "JavaScript",
        "Darsh A"
    ],
    "createdAt": "2025-07-17",
    "updatedAt": "2025-09-18",
    "fork": ["zen"]
}
