{
    "id": "new-icons",
    "homepage": "https://github.com/qumeqa/zen-icons",
    "author": "qumeqa",
    "name": "New Icons",
    "description": "New icons for the toolbar, popups, site data panel, and better locale button",
    "version": "1.3",
    "createdAt": "2025-12-24",
    "updatedAt": "2026-02-13",
    "style": { 
        "chrome": "userChrome.css"
    },
    "readme": "https://raw.githubusercontent.com/qumeqa/zen-icons/refs/heads/main/README.md",
    "image": "https://raw.githubusercontent.com/qumeqa/zen-icons/refs/heads/main/photo/cover.png",
    "tags": [
        "Icon",
        "Icons",
        "New icons",
        "Toolbar",
        "Toolbar icons",
        "Icon pack",
        "Icon set",
        "Locale button"
    ],
    "fork": ["zen"]
}
