{
    "id": "context-menu-icons",
    "js": true,
    "name": "Context Menu Icons",
    "description": "Improve your context menu by adding icons, folding redundant menu items, and more",
    "homepage": "https://github.com/Starry-AXQG/Context-Menu-Icons",
    "image": "https://raw.githubusercontent.com/Starry-AXQG/Context-Menu-Icons/refs/heads/main/.asset/Demo%20Image.jpg",
    "style": {
        "chrome": "userChrome.css"
    },
    "scripts": {
        "JS/CMI-fold_menu.uc.js": {
            "name": "CMI Folding Menu",
            "description": "Adds the ability to fold the context menu.",
            "include": [
                "chrome://browser/content/browser.xhtml"
            ]
        }
    },
    "preferences": "preferences.json",
    "readme": "https://raw.githubusercontent.com/Starry-AXQG/Context-Menu-Icons/refs/heads/main/README.md",
    "author": "Starry-AXQG",
    "version": "2.7.1.2",
    "tags": [
        "Context Menu",
        "Icons",
        "Icon Pack"
    ],
    "createdAt": "2025-06-02",
    "updatedAt": "2026-01-25",
    "fork": ["zen", "firefox"]
}
