{
  "id": "zen-command-palette",
  "name": "Zen Command Palette",
  "description": "A powerful, extensible command interface for Zen Browser, seamlessly integrated into the URL bar. Inspired by Raycast and Arc.",
  "homepage": "https://github.com/BibekBhusal0/zen-custom-js/tree/main/command-palette",
  "preferences": "preferences.json",
  "style": "style.css",
  "scripts": {
    "command-palette.uc.js": {
      "include": ["chrome://browser/content/browser.xhtml"]
    }
  },
  "readme": "https://raw.githubusercontent.com/BibekBhusal0/zen-custom-js/main/command-palette/README.md",
  "author": "Bibek Bhusal",
  "version": "1.7.3",
  "tags": ["command", "palette", "raycast", "arc", "productivity", "zen browser", "sine", "urlbar"],
  "createdAt": "2024-09-07",
  "updatedAt": "2026-01-09",
  "fork": ["zen"]
}
