{
  "id": "zen-command-palette",
  "name": "Zen Command Palette",
  "description": "A powerful, extensible command interface for Zen Browser, seamlessly integrated into the URL bar. Inspired by Raycast and Arc.",
  "author": "Bibek Bhusal",
  "version": "1.8.0",
  "updatedAt": "2026-01-04",
  "tags": [
    "command",
    "palette",
    "raycast",
    "arc",
    "productivity",
    "zen browser",
    "urlbar"
  ],
  "fork": [
    "zen"
  ],
  "preferences": "https://raw.githubusercontent.com/Vertex-Mods/Zen-Command-Palette/main/preferences.json",
  "style": "https://raw.githubusercontent.com/Vertex-Mods/Zen-Command-Palette/main/style.css",
  "js": true,
  "readme": "https://raw.githubusercontent.com/Vertex-Mods/Zen-Command-Palette/main/readme.md",
  "createdAt": "2024-09-07"
}