{
    "id": "paneru",
    "name": "Paneru",
    "description": "A comprehensive theme that separates various elements onto their own panel, respects Firefox theme colors, and supports transparency.",
    "homepage": "https://github.com/TheBigWazz/Paneru",
    "style": {
        "chrome": "userChrome.css",
        "content": "userContent.css"
    },
    "readme": "https://raw.githubusercontent.com/TheBigWazz/Paneru/main/README.md",
    "image": "https://raw.githubusercontent.com/TheBigWazz/Paneru/main/image.png",
    "author": "TheBigWazz",
    "version": "1.0.1",
    "fork": ["floorp", "firefox"],
    "tags": [
        "ui",
        "customization"
    ]
}
