[
  {
    "type": "separator",
    "label": "🪟 Window &  Transparency 🪟",
    "margin":"30px 0 30px 0",
    "size": "18px"
  },
  {
    "type": "checkbox",
    "label": "Enable transparent browser windows (browser restart maybe required to take effect).",
    "property": "browser.tabs.allow_transparent_browser",
    "restart": true
  },
  {
    "type": "checkbox",
    "label": "Force transparency using clip-path (use this only if the ways mentioned to get transparency in `readme.md` doesn't work).",
    "property": "arc.force-blur-rendering"
  },
  {
    "type": "checkbox",
    "property": "arc.transparency-media",
    "label": "Disable glassy look from media player"
  },
  {
    "type": "checkbox",
    "property": "arc.urlbar.background",
    "label": "Disable blur for background zoom blur when URL bar popup."
  },
  {
    "type": "separator",
    "label": "🔎 Url Bar Options 🔎",
    "margin":"30px 0 30px 0",
    "size": "18px"
  },
  {
    "type": "checkbox",
    "label": "When typed something by clicking on the URL bar, opens a new tab instead of modifying the current tab.",
    "property": "browser.urlbar.openintab"
  },
  {
    "type": "checkbox",
    "label": "Shorten URL Bar to only show domain name.",
    "property": "browser.urlbar.trimURLs"
  },
  {
    "type": "checkbox",
    "property": "arc-urlbar-fade-in",
    "label": "Remove fade-in which is below the urlbar.",
    "default": false
  },
  {
    "type": "dropdown",
    "value": "string",
    "property": "arc-urlbar-animation",
    "label": "Animation for URL bar when focused.",
    "default": 1,
    "options": [
      { "label": "Stretch", "value": "stretch" },
      { "label": "Fade in", "value": "fadeIn" }
    ]
  },
  {
    "type": "dropdown",
    "value": "number",
    "property": "arcline.url.bar",
    "label": "Enables Arcline-like URL Bar.",
    "default": 0,
    "options": [
      { "label": "Disable", "value": 0 },
      { "label": "Enable", "value": 1 }
    ]
  },
  {
    "type": "string",
    "property": "arc.urlbar.opacity",
    "default": 0.3,
    "label": "Change the transparency of the urlbar."
  },
  {
    "type": "separator",
    "label": "📚 Sidebar / Compact mode 📚",
    "margin":"30px 0 30px 0",
    "size": "18px"
  },
  {
    "type": "checkbox",
    "property": "arc-compact-mode-no-sidebar-bg",
    "label": "Remove pseudo background on compact sidebar."
  },
  {
    "type": "string",
    "property": "arc.compact.sidebar-opacity",
    "default": "0.3",
    "label": "Change the theme color density in compact sidebar."
  },
  {
    "type": "string",
    "label": "Blur for compact mode sidebar",
    "property": "arc.compact.sidebar-blur",
    "defaultValue": "30px",
    "placeholder": "30px"
  },
  {
    "type": "string",
    "property": "arc-compact-sidebar-size",
    "default": "25em",
    "placeholder": "25em",
    "label": "Custom sidebar size for compact mode."
  },
  {
    "type": "separator",
    "label": "🗂️ Tabs and Tab Animation 🗂️",
    "margin":"30px 0 30px 0",
    "size": "18px"
  },
  {
    "type": "checkbox",
    "label": "Enable Tab Groups",
    "property": "browser.tabs.groups.enabled"
  },
  {
    "type": "checkbox",
    "property": "arc-disable-tab-hover-animations",
    "label": "Disable animations for hover and click on tabs."
  },
  {
    "type": "checkbox",
    "property": "arc.tab.default-audio-indicator",
    "label": "Disable audio playing indicator in tab playing media."
  },
  {
    "type": "checkbox",
    "property": "browser.tabs.fadeOutUnloadedTabs",
    "label": "Fade unloaded tabs in the background."
  },
  {
    "type": "dropdown",
    "value": "number",
    "property": "arc.tab-groups-disable",
    "label": "Arc Tab Groups",
    "default": 0,
    "options": [
      { "label": "Enabled", "value": 0 },
      { "label": "Disabled", "value": 1 }
    ]
  },
  {
    "type":  "checkbox",
    "value": "boolean",
    "label": "Enable Background for Folders.",
    "property": "arc-folder-background"
  },
  {
    "type": "dropdown",
    "value": "number",
    "property": "arc-tab-loading-animation",
    "label": "Animation while the website loads.",
    "default": 1,
    "options": [
      { "label": "No animation", "value": 0 },
      { "label": "Blur (default)", "value": 1 },
      { "label": "More prominent blur", "value": 2 },
      { "label": "Less prominent blur", "value": 3 },
      { "label": "Grayscale with no blur", "value": 4 },
      { "label": "Grayscale with blur", "value": 5 }
    ]
  },
  {
    "type": "dropdown",
    "value": "number",
    "property": "arc-tab-switch-animation",
    "label": "Animation while switching tabs.",
    "default": 1,
    "options": [
      { "label": "No animation", "value": 0 },
      { "label": "Bounce (default)", "value": 1 },
      { "label": "Bouncier", "value": 2 },
      { "label": "More bounce", "value": 3 },
      { "label": "Smooth crossfade (scroll in split-mode might not work)", "value": 4 },
      { "label": "Zoom out effect", "value": 5 }
    ]
  },
  {
    "type": "string",
    "value": "number",
    "property": "browser.tabs.min_inactive_duration_before_unload",
    "label": "The duration (in ms) after which tab unloading occurs."
  },
  {
    "type": "separator",
    "label": "📦 Containers / Pinned Extensions / Workspaces 📦",
    "margin":"30px 0 30px 0",
    "size": "18px"
  },
  {
    "type": "checkbox",
    "property": "arc-pinned-extensions-mod",
    "label": "Enable Pinned Extensions UI."
  },
  {
    "type": "checkbox",
    "property": "arc-pinned-extensions-badge",
    "label": "Enable badge/text on pinned extensions."
  },
  {
    "type": "checkbox",
    "property": "arc-remove-workspace-indicator",
    "label": "Remove the workspace indicator."
  },
  {
    "type": "dropdown",
    "value": "number",
    "property": "arc-enable-container-styling",
    "label": "Edit container styling.",
    "default": 1,
    "options": [
      { "label": "Disabled", "value": 0 },
      { "label": "Style-1", "value": 1 },
      { "label": "Style-2", "value": 2 }
    ]
  },
  {
    "type": "dropdown",
    "value": "number",
    "property": "arc-workspace-style",
    "label": "Workspace icon animation style.",
    "default": 0,
    "options": [
      { "label": "No background", "value": 0 },
      { "label": "No animation", "value": 1 },
      { "label": "Capsule background", "value": 2 }
    ]
  },
  {
    "type": "separator",
    "label": "🎨 Arc UI Mods / Interface 🎨",
    "margin":"30px 0 30px 0",
    "size": "18px"
  },
  {
    "type": "checkbox",
    "label": "Enable Arc Menu Icon",
    "property": "arc-menu-icon",
    "default": true
  },
  {
    "type": "checkbox",
    "property": "arc-menu-animations",
    "label": "Disable Menu Animations."
  },
  {
    "type": "checkbox",
    "property": "arc-marginless-mod",
    "label": "Marginless browser"
  },
  {
    "type": "checkbox",
    "property": "zen.view.experimental-force-window-controls-left",
    "label": "Force window controls to left side (Restart)",
    "restart": true
  },
  {
    "type": "checkbox",
    "property": "arc-macos-style-buttons",
    "label": "Enable macOS-style window buttons."
  },
  {
    "type": "separator",
    "label": "🎥 Media Player / PDF / View Experience 🎥",
    "margin":"30px 0 30px 0",
    "size": "18px"
  },
  {
    "type": "checkbox",
    "property": "natsumi.pdfjs.compact",
    "label": "Enable Compact mode for PDF viewer."
  },
  {
    "type": "checkbox",
    "property": "arc.media-controls-toolbar-bottom",
    "label": "Enable Media Controls Toolbar to go bottom.",
    "default": false
  },
  {
    "type": "checkbox",
    "property": "arc-findbar-disable",
    "label": "Disable Arc styling for FindBar."
  },
  {
    "type": "separator",
    "label": "⚡ Performance &  Memory ⚡",
    "margin":"30px 0 30px 0",
    "size": "18px"
  },
  {
    "type": "checkbox",
    "property": "dom.ipc.processPriorityManager.backgroundUsesEcoQoS",
    "label": "Makes browser run on performance efficient mode."
  },
  {
    "type": "checkbox",
    "property": "browser.ml.linkPreview.enabled",
    "label": "Enable Shift+Alt AI link preview."
  },
  {
    "type": "string",
    "value": "number",
    "property": "browser.low_commit_space_threshold_mb",
    "label": "Memory threshold to activate tab unloading."
  },
  {
    "type": "string",
    "value": "number",
    "property": "browser.ml.linkPreview.outputSentences",
    "label": "Number of sentences for AI preview."
  },
  {
    "type": "separator",
    "label": "✨ Fonts &  Misc ✨",
    "margin":"30px 0 30px 0",
    "size": "18px"
  },
  {
    "type": "dropdown",
    "property": "arc-font",
    "label": "Select the font for Arc.",
    "defaultValue": "Nunito",
    "options": [
      { "label": "Nunito (default)", "value": "Nunito" },
      { "label": "Nunito Italic", "value": "Nunito-Italic" },
      { "label": "SF Pro", "value": "SF-Pro" },
      { "label": "SF Symbols", "value": "SF-Symbols" },
      { "label": "SUSE", "value": "SUSE" },
      { "label": "SUSE Italic", "value": "SUSE-Italic" }
    ]
  },
  {
    "type": "separator",
    "label": "🌀 Deta Loading animation 🌀",
    "margin": "30px 0 30px 0",
    "size": "18px"
  },
  {
      "property": "arc.detaloadingbar.enabled",
      "label": "Enable/Disable Deta Loading Bar",
      "type": "checkbox",
      "defaultValue": true
    },
    {
      "property": "arc.detaloadingbar.usefromzen",
      "label": "Use color from Zen browser theme (will override custom colors)",
      "type": "checkbox",
      "defaultValue": true
    },
    {
      "property": "arc.detaloadingbar.singlecolor",
      "label": "Use only left color for the loading bar (Disable gradient)",
      "type": "checkbox",
      "defaultValue": false
    },
    {
        "property": "arc.detaloadingbar.maincolor",
        "label": "Left color",
        "type": "string",
        "defaultValue": "rgba(243,202,186,255)"
    },
    {
        "property": "arc.detaloadingbar.middlecolor",
        "label": "Middle color",
        "type": "string",
        "defaultValue": "rgba(255,255,255,255)"
    },
    {
        "property": "arc.detaloadingbar.rightcolor",
        "label": "Right color",
        "type": "string",
        "defaultValue": "rgba(243,202,186,255)"
    },
    {
        "property": "arc.detaloadingbar.thickness",
        "label": "Thickness",
        "type": "string",
        "defaultValue": "6px"
    },
    {
        "property": "arc.detaloadingbar.minwidth",
        "label": "Custom Minimum Width",
        "type": "string",
        "defaultValue": "20px"
    },
    {
        "property": "arc.detaloadingbar.maxwidth",
        "label": "Custom Maximum Width",
        "type": "string",
        "defaultValue": "120px"
    },
    {
        "property": "arc.detaloadingbar.spacerwidth",
        "label": "Custom gap between loading bar and window edge (default is 8px)",
        "type": "string",
        "defaultValue": "8px"
    },
    {
        "property": "arc.detaloadingbar.position.top",
        "label": "Place loading bar at top (unchecked = bottom)",
        "type": "checkbox",
        "defaultValue": true
    },
    {
      "property": "arc.detaloadingbar.boxshadow.enabled",
      "label": "Enable/Disable Box Shadow",
      "type": "checkbox",
      "defaultValue": true
    },
    {
      "property": "arc.detaloadingbar.blur.enabled",
      "label": "Enable/Disable Blur Effect",
      "type": "checkbox",
      "defaultValue": true
    },
    {
        "property": "arc.detaloadingbar.blur.intensity",
        "label": "Blur Intensity",
        "type": "string",
        "defaultValue": "1.8px"
    }
]



