{
  "id": "Arc-2.0",
  "homepage": "https://github.com/YashjitPal/Arc-2.0/",
  "author": "YashjitPal",
  "name": "Arc 2.0",
  "description": "Arc-like Zen Browser theme.",
  "version": "3.2.9",
  "style":{"chrome": "https://raw.githubusercontent.com/YashjitPal/Arc-2.0/refs/heads/main/userChrome.css",
    "content": "https://raw.githubusercontent.com/YashjitPal/Arc-2.0/refs/heads/main/userContent.css"},
  "preferences": "https://raw.githubusercontent.com/YashjitPal/Arc-2.0/refs/heads/main/preferences.json",
  "readme": "https://raw.githubusercontent.com/YashjitPal/Arc-2.0/main/README.md",
  "image": "https://github.com/user-attachments/assets/f9a25afb-2503-421a-bed0-6e94f2ab43db",
  "tags":[
    "content",
    "chrome",
    "sleek"
  ],
  "fork": ["zen"]
}
