{
  "hiddenCommands": [
    "cmd_zenChangeWorkspaceIcon",
    "cmd_zenChangeWorkspaceName",
    "cmd_zenClearTabs",
    "Browser:OpenFile"
  ],
  "customIcons": {},
  "customShortcuts": {
    "Browser:Back": "Alt+H",
    "Browser:Forward": "Alt+L",
    "Browser:PrevTab": "Alt+K",
    "Browser:NextTab": "Alt+J",
    "app:clear-startupCache": "Ctrl+Alt+Shift+R",
    "app:minimize-memory": "Ctrl+Alt+Shift+M",
    "custom:open-settings": "Ctrl+Alt+S",
    "custom:paste-and-go": "Alt+V",
    "custom:close-and-prev": "Ctrl+Alt+P",
    "custom:close-and-next": "Ctrl+Alt+N",
    "duplicate-tab": "Alt+D",
    "move-tab-up": "Ctrl+Alt+K",
    "move-tab-down": "Ctrl+Alt+J",
    "toggle-sidebar": "Ctrl+Alt+A",
    "toggle-toolbar": "Ctrl+Alt+T",
    "unload-other-tabs": "Ctrl+Alt+U",
    "unload-tab": "Alt+U",
    "custom:advanced-settings": "Ctrl+Alt+Shift+S",
    "command-palette:settings-commands": "Alt+E",
    "browsebot:settings": "Ctrl+,"
  },
  "toolbarButtons": [],
  "customCommands": [
    {
      "type": "chain",
      "id": "advanced-settings",
      "name": "Open Advanced Settings",
      "commands": [
        {
          "action": "openLink",
          "params": {
            "link": "about:config",
            "where": "new tab"
          }
        }
      ],
      "icon": "chrome://browser/skin/zen-icons/settings.svg"
    },
    {
      "type": "chain",
      "id": "open-settings",
      "name": "Open Settings",
      "commands": [
        {
          "action": "openLink",
          "params": {
            "link": "about:preferences",
            "where": "new tab"
          }
        }
      ],
      "icon": "chrome://browser/skin/zen-icons/settings.svg"
    },
    {
      "type": "js",
      "id": "paste-and-go",
      "name": "Paste and go",
      "code": "navigator.clipboard.readText().then((text) => {\n  if (text) {\n    try {\n      new URL(text);\n      openTrustedLinkIn(text, \"tab\");\n    } catch (error) {\n      const searchURL = `https://duckduckgo.com/?q=${encodeURIComponent(text)}`;\n      openTrustedLinkIn(searchURL, \"tab\");\n    }\n  }\n});",
      "icon": "chrome://browser/skin/zen-icons/edit-paste.svg"
    },
    {
      "type": "js",
      "id": "close-and-prev",
      "name": "Close Tab and Go Previous",
      "code": "const tabToClose = gBrowser.selectedTab;\ngBrowser.tabContainer.advanceSelectedTab(-1, true);\ngBrowser.removeTab(tabToClose);",
      "icon": "chrome://browser/skin/zen-icons/arrow-up.svg"
    },
    {
      "type": "js",
      "id": "close-and-next",
      "name": "Close Tab and Go Next",
      "code": "const tabToClose = gBrowser.selectedTab;\ngBrowser.tabContainer.advanceSelectedTab(1, true);\ngBrowser.removeTab(tabToClose);",
      "icon": "chrome://browser/skin/zen-icons/arrow-down.svg"
    },
    {
      "type": "js",
      "id": "custom-js-1767548301113",
      "name": "Toggle transparency",
      "code": "(async function () {\n  const browserTransparent = Services.prefs.getBoolPref(\n    \"browser.tabs.allow_transparent_browser\",\n  )\n\n  const prefs = [\n    \"browser.tabs.allow_transparent_browser\",\n    \"mod.sameerasw.zen_transparent_glance_enabled\",\n    \"widget.transparent-windows\",\n    \"zen.widget.linux.transparency\",\n  ];\n\n  for (let pref of prefs) {\n    Services.prefs.setBoolPref(pref, !browserTransparent);\n  }\n\n  const zenInternetId = \"{91aa3897-2634-4a8a-9092-279db23a7689}\";\n  const transparentZenId = \"642854b5-88b4-4c40-b256-e035532109df\";\n  const zenInternet = await AddonManager.getAddonByID(zenInternetId);\n\n  if (browserTransparent) {\n    zenInternet?.disable();\n    SineAPI?.manager?.disableMod(transparentZenId);\n  } else {\n    zenInternet?.enable();\n    SineAPI.manager.enableMod(transparentZenId);\n  }\n  window.ucAPI.showToast(\n    [`Transparency ${browserTransparent? \"Disabled\" : \"Enabled\"}`, \"A restart is required for changes to take effect.\"],\n    1\n  );\n})();",
      "icon": "chrome://browser/skin/trending.svg"
    }
  ]
}
