[
    {
      "property": "mod-autoexpand-performance-mode",
      "label": "Performance Setting",
      "type": "dropdown",
      "defaultValue": "balanced",
      "options": [
        {
          "label": "Fancy",
          "value": "fancy"
        },
        {
          "label": "Balanced",
          "value": "balanced"
        },
        {
          "label": "Potato",
          "value": "potato"
        }
      ]
    },
    {
        "property": "mod.autoexpand.expanded_width",
        "label": "Width of the expanded sidebar (limits the minimum as 350px if using tabs on the right)",
        "type": "string",
        "defaultValue": "250px"
    },
    {
        "property": "mod.autoexpand.collapsed_width",
        "label": "Width of the minimized sidebar (default 45px)",
        "type": "string",
        "defaultValue": "45px"
    },
    {
        "property": "mod.autoexpand.animation_duration",
        "label": "Expanding animation duration, in ms (default: 150ms)",
        "type": "string",
        "defaultValue": "150ms"
    },
    {
        "property": "mod.autoexpand.animation_delay",
        "label": "Delay before expanding after hover (default: 0ms)",
        "type": "string",
        "defaultValue": "0ms"
    },
    {
        "property": "mod.autoexpand.collapse_delay",
        "label": "Delay before collapsing (default: 100ms)",
        "type": "string",
        "defaultValue": "100ms"
    },
    {
        "property": "mod.autoexpand.fade_sleeping_tabs",
        "label": "Slightly fade Unloaded (Sleeping) Tabs",
        "type": "checkbox",
        "defaultValue": true
    },
    {
        "property": "mod.autoexpand.hide_workspace_indicator",
        "label": "Hide top workspace indicator",
        "type": "checkbox",
        "defaultValue": true
    },
    {
        "property": "mod.autoexpand.essential_align",
        "label": "Make the selected essential tab be placed in the first position, visible when collapsed",
        "type": "checkbox",
        "defaultValue": false
    }
]
