[
  {
    "property": "mod.forkedtidypopup.usetidypopup",
    "label": "Enable/Disable Tidy Popup",
    "type": "checkbox",
    "defaultValue": true
  },
  {
    "property": "mod.forkedtidypopup.keepdividers",
    "label": "Keep divider lines",
    "type": "checkbox",
    "defaultValue": true
  },
  {
    "property": "mod.forkedtidypopup.usecustomhovercolor",
    "label": "Enable/Disable custom hover color",
    "type": "checkbox",
    "defaultValue": true
  },
  {
    "property": "mod.forkedtidypopup.usezenprimarycolor",
    "label": "Use color from Zen Browser (will override the custom hover color below)",
    "type": "checkbox",
    "defaultValue": true
  },
  {
    "property": "mod.forkedtidypopup.hovercolor.light",
    "label": "Button color when hovered (Light mode)",
    "type": "string",
    "defaultValue": "rgba(243,202,176,255)"
  },
  {
    "property": "mod.forkedtidypopup.hovercolor.dark",
    "label": "Button color when hovered (Dark mode)",
    "type": "string",
    "defaultValue": "rgba(87,65,50,255)"
  },
  {
    "property": "mod.forkedtidypopup.usetidyextension",
    "label": "Enable/Disable Tidy Extension",
    "type": "checkbox",
    "defaultValue": true
  },
  {
    "property": "mod.forkedtidypopup.usecenterbookmarkbar",
    "label": "Enable/Disable Center Bookmark Bar",
    "type": "checkbox",
    "defaultValue": true
  }
]
