{
  "id": "floating-findbar",
  "homepage": "https://github.com/qumeqa/floating-findbar",
  "author": "qumeqa",
  "name": "Floating Findbar",
  "description": "A floating findbar for Zen",
  "version": "1.0",
  "style": {
    "chrome": "userChrome.css"
  },
  "readme": "https://raw.githubusercontent.com/qumeqa/floating-findbar/refs/heads/main/README.md",
  "image": "https://raw.githubusercontent.com/qumeqa/floating-findbar/refs/heads/main/cover.png",
  "tags": [
    "Float",
    "Floating",
    "Findbar"
  ],
  "fork": [
    "zen"
  ]
}