[
    {
        "property": "icon-tweaker-essentials-icon-size",
        "label": "🔝 Size of Essentials tabs icons (Default: 16px)",
        "type": "dropdown",
        "placeholder": "Default",
        "defaultValue": "16px",
        "options": [
            { "label": "16px", "value": "16px" },
            { "label": "18px", "value": "18px" },
            { "label": "20px", "value": "20px" },
            { "label": "22px", "value": "22px" },
            { "label": "24px", "value": "24px" },
            { "label": "26px", "value": "26px" },
            { "label": "28px", "value": "28px" },
            { "label": "30px", "value": "30px" },
            { "label": "32px", "value": "32px" },
            { "label": "34px", "value": "34px" },
            { "label": "36px", "value": "36px" },
            { "label": "38px", "value": "38px" },
            { "label": "40px", "value": "40px" }
        ]
    },
    {
        "property": "icon-tweaker-pinned-icon-size",
        "label": "📌 Size of Pinned tabs icons (Default: 16px)",
        "type": "dropdown",
        "placeholder": "Default",
        "defaultValue": "16px",
        "options": [
            { "label": "12px", "value": "12px" },
            { "label": "14px", "value": "14px" },
            { "label": "16px", "value": "16px" },
            { "label": "18px", "value": "18px" },
            { "label": "20px", "value": "20px" },
            { "label": "22px", "value": "22px" },
            { "label": "24px", "value": "24px" },
            { "label": "26px", "value": "26px" },
            { "label": "28px", "value": "28px" },
            { "label": "30px", "value": "30px" },
            { "label": "32px", "value": "32px" },
            { "label": "34px", "value": "34px" }
        ]
    },
    {
        "property": "icon-tweaker-normal-icon-size",
        "label": "🖼️ Size of Normal tabs icons (Default: 16px)",
        "type": "dropdown",
        "placeholder": "Default",
        "defaultValue": "16px",
        "options": [
            { "label": "12px", "value": "12px" },
            { "label": "14px", "value": "14px" },
            { "label": "16px", "value": "16px" },
            { "label": "18px", "value": "18px" },
            { "label": "20px", "value": "20px" },
            { "label": "22px", "value": "22px" },
            { "label": "24px", "value": "24px" },
            { "label": "26px", "value": "26px" },
            { "label": "28px", "value": "28px" },
            { "label": "30px", "value": "30px" },
            { "label": "32px", "value": "32px" },
            { "label": "34px", "value": "34px" }
        ]
    },
    {
        "property": "icon-tweaker-workspace-icon-size",
        "label": "🌐 Size of workspace icons (Default: 10px)",
        "type": "dropdown",
        "placeholder": "Default",
        "defaultValue": "10px",
        "options": [
            { "label": "10px", "value": "10px" },
            { "label": "12px", "value": "12px" },
            { "label": "14px", "value": "14px" },
            { "label": "16px", "value": "16px" },
            { "label": "18px", "value": "18px" },
            { "label": "20px", "value": "20px" }
        ]
    }
]
