{
    "id": "IconTweaker",
    "name": "Icon Tweaker",
    "description": "Tab icon resizer for Essentials, Pinned, Normal and Workspaces.",
    "homepage": "https://github.com/allecsc/Icon-Tweaker",
    "preferences": "https://raw.githubusercontent.com/allecsc/Icon-Tweaker/refs/heads/main/preferences.json",
    "style": "https://raw.githubusercontent.com/allecsc/Icon-Tweaker/refs/heads/main/chrome.css",
    "readme": "https://raw.githubusercontent.com/allecsc/Icon-Tweaker/refs/heads/main/README.md",
    "image": "https://raw.githubusercontent.com/allecsc/Icon-Tweaker/refs/heads/main/image.png",
    "author": "celalalt",
    "version": "1.2",
    "tags": [
        "sine",
        "tabs",
        "icons",
        "customization",
        "resize"
    ],
    "createdAt": "2025-05-31",
    "updatedAt": "2025-06-16",
    "fork": ["zen", "firefox"]
}
