{
  "id": "browse-bot",
  "name": "Browse Bot",
  "description": "Transforms the standard Zen Browser findbar into a modern, floating, AI-powered chat interface. Inspired by Arc Browser.",
  "author": "Bibek Bhusal",
  "version": "2.5.1",
  "updatedAt": "2026-01-04",
  "tags": [
    "ai",
    "findbar",
    "Arc",
    "gemini",
    "Artificial Intelligence",
    "LLM",
    "zen browser",
    "chat",
    "BrowseBot",
    "Mistral",
    "ChatGPT",
    "Claude"
  ],
  "fork": [
    "zen"
  ],
  "preferences": "https://raw.githubusercontent.com/Vertex-Mods/Browse-Bot/main/preferences.json",
  "style": "https://raw.githubusercontent.com/Vertex-Mods/Browse-Bot/main/style.css",
  "js": true,
  "readme": "https://raw.githubusercontent.com/Vertex-Mods/Browse-Bot/main/README.md",
  "createdAt": "2024-05-22"
}