{
  "id": "browse-bot",
  "homepage": "https://github.com/Vertex-Mods/Browse-Bot",
  "name": "Browse Bot",
  "description": "Transforms the standard Zen Browser findbar into a modern, floating, AI-powered chat interface. Inspired by Arc Browser.",
  "author": "Bibek Bhusal",
  "version": "2.5.82",
  "updatedAt": "2026-02-05",
  "tags": [
    "ai",
    "findbar",
    "Arc",
    "gemini",
    "Artificial Intelligence",
    "LLM",
    "zen browser",
    "chat",
    "BrowseBot",
    "Mistral",
    "ChatGPT",
    "Claude"
  ],
  "fork": [
    "zen"
  ],
  "preferences": "preferences.json",
  "style": {
    "chrome": "style.css"
  },
  "scripts": {
    "browse-bot.uc.mjs": {
      "include": [
        "chrome://browser/content/browser.xhtml"
      ]
    }
  },
  "readme": "https://raw.githubusercontent.com/Vertex-Mods/Browse-Bot/main/README.md",
  "createdAt": "2024-05-22"
}