{
  "id": "zenleap-relative-tab-nav",
  "name": "ZenLeap",
  "description": "Vim-powered keyboard navigation suite for Zen Browser. Relative tab numbers, leap mode, browse mode, command palette, marks, jump history, tab search, split view, workspace sessions, plugin system, and 20+ themes.",
  "homepage": "https://github.com/yashas-salankimatt/ZenLeap",
  "author": "ZenLeap",
  "version": "3.3.4",
  "tags": ["tabs", "keyboard", "vim", "navigation"],
  "createdAt": "2025-02-05",
  "updatedAt": "2026-02-25T00:00:00Z",
  "fork": ["zen"],
  "scripts": {
    "JS/zenleap.uc.js": {
      "include": ["chrome://browser/content/browser.xhtml"],
      "exclude": [],
      "loadOrder": 10
    }
  },
  "style": {
    "chrome": "chrome.css",
    "content": ""
  },
  "preferences": "preferences.json"
}
