[
  {
    "type": "text",
    "label": "Wireframe 2.0 Theme Settings",
    "margin": "20px 0 25px 0",
    "size": "29px"
  },
  {
    "type": "text",
    "label": "Window Controls",
    "margin": "30px 0 20px 0",
    "size": "25px"
  },
  {
    "type": "separator"
  },
  {
    "type": "checkbox",
    "property": "wireframe.macos.controls",
    "label": "Disable macOS style window controls",
    "value": "boolean",
    "defaultValue": false
  },
  {
    "type": "separator"
  },
  {
    "type": "checkbox",
    "property": "wireframe.controls.reverse",
    "label": "Reverse window controls",
    "value": "boolean",
    "defaultValue": false
  },
  {
    "type": "separator"
  },
  {
    "type": "dropdown",
    "property": "wireframe.macos.controls.radius",
    "label": "Change macos window control radius",
    "value": "number",
    "defaultValue": 0,
    "options": [
      {
        "value": 0,
        "label": "Square"
      },
      {
        "value": 1,
        "label": "Squircle"
      },
      {
        "value": 2,
        "label": "Circle"
      }
    ]
  },
  {
    "type": "separator"
  },
  {
    "type": "checkbox",
    "property": "zen.view.experimental-force-window-controls-left",
    "label": "Force window controls to the left (for macOS style controls only)",
    "value": "boolean",
    "defaultValue": true,
    "restart": true
  },

  {
    "type": "text",
    "label": "Toolbar and Navigation",
    "margin": "30px 0 20px 0",
    "size": "25px"
  },
  {
    "type": "separator"
  },
  {
    "type": "checkbox",
    "property": "wireframe.toolbar.hide",
    "label": "Auto hide toolbar buttons (Reveal on hover)",
    "value": "boolean",
    "defaultValue": false
  },
  {
    "type": "separator"
  },
  {
    "type": "checkbox",
    "property": "wireframe.navigation.hide",
    "label": "Disable navigation buttons",
    "value": "boolean",
    "defaultValue": false
  },
  {
    "type": "separator"
  },
  {
    "type": "checkbox",
    "property": "wireframe.workspace.icon.hide",
    "label": "Hide workspace indicator icon",
    "value": "boolean",
    "defaultValue": true
  },
  {
    "type": "separator"
  },
  {
    "type": "checkbox",
    "property": "wireframe.workspace-switch.fan",
    "label": "Enable fan style workspace switcher (experimental)",
    "value": "boolean",
    "defaultValue": false
  },
  {
    "type": "separator"
  },
  {
    "type": "checkbox",
    "property": "wireframe.sidebar-foot.hide",
    "label": "Hide sidebar foot buttons",
    "value": "boolean",
    "defaultValue": true
  },
  {
    "type": "separator"
  },
  {
    "type": "checkbox",
    "property": "wireframe.statusbar.disable",
    "label": "Disable status bar",
    "value": "boolean",
    "defaultValue": true
  },
  {
    "type": "separator"
  },
  {
    "type": "checkbox",
    "property": "wireframe.compact-sidebar.hide",
    "label": "Hide compact sidebar on empty tab",
    "value": "boolean",
    "defaultValue": false
  },
  {
    "type": "separator"
  },
  {
    "type": "checkbox",
    "property": "wireframe.compact.sidebar.transparent",
    "label": "Make sidebar transparent in compact mode",
    "value": "boolean",
    "defaultValue": false
  },
  {
    "type": "separator"
  },
  {
    "type": "checkbox",
    "property": "wireframe.contextmenu",
    "label": "Enable glass tint context menu",
    "value": "boolean",
    "defaultValue": false
  },
  {
    "type": "separator"
  },
  {
    "type": "checkbox",
    "property": "wireframe.nogaps.enabled",
    "label": "Enable no gap for single-toolbar",
    "value": "boolean",
    "defaultValue": false
  },
  {
    "type": "separator"
  },
  {
    "type": "checkbox",
    "property": "wireframe.nogaps.border.enabled",
    "label": "Show splitter (for no gaps mod)",
    "value": "boolean",
    "defaultValue": false
  },
  {
    "type": "separator"
  },
  {
    "type": "checkbox",
    "property": "wireframe.pinned-ext.enabled",
    "label": "Enable pinned extensions",
    "value": "boolean",
    "defaultValue": false
  },
  {
    "type": "separator"
  },
  {
    "type": "checkbox",
    "property": "wireframe.trackpad.animation",
    "label": "Enable trackpad animations",
    "value": "boolean",
    "defaultValue": true
  },

  {
    "type": "text",
    "label": "URL bar Settings",
    "margin": "30px 0 20px 0",
    "size": "25px"
  },
  {
    "type": "separator"
  },
  {
    "type": "dropdown",
    "property": "wireframe.urlbar.style",
    "label": "Change URL bar style",
    "value": "string",
    "defaultValue": "slim",
    "options": [
      {
        "value": "slim",
        "label": "slim"
      },
      {
        "value": "slim(center)",
        "label": "Slim(Centered)"
      },
      {
        "value": "full",
        "label": "full"
      }
    ]
  },
    {
    "type": "separator"
  },
  {
    "type": "dropdown",
    "property": "wireframe.urlbar.border_radius",
    "label": "Border radius for urlbar",
    "value": "number",
    "defaultValue": 16,
    "options": [
      {
        "value": 0,
        "label": "0px"
      },
      {
        "value": 4,
        "label": "4px"
      },
      {
        "value": 8,
        "label": "8px"
      },
      {
        "value": 12,
        "label": "12px"
      },
      {
        "value": 16,
        "label": "16px"
      },
      {
        "value": 20,
        "label": "20px"
      },
      {
        "value": 24,
        "label": "24px"
      }
    ]
  },
  {
    "type": "separator"
  },
  {
    "type": "checkbox",
    "property": "wireframe.urlbar.blurred",
    "label": "Enable tinted glass effect on URL bar",
    "value": "boolean",
    "defaultValue": false
  },
  {
    "type": "separator"
  },
  {
    "property": "wireframe.urlbar.position.top",
    "label": "Position URL bar at the top (for multiple and collapsed toolbar only)",
    "defaultValue": false,
    "type": "checkbox",
    "value": "boolean"
  },
  {
    "type": "separator"
  },
  {
    "type": "dropdown",
    "label": "URLBar Opening Animation",
    "property": "wireframe.urlbar-open.effect",
    "value": "string",
    "defaultValue": "Slide from Bottom",
    "options": [
      {
        "value": "Slide from Bottom",
        "label": "Slide from Bottom"
      },
      {
        "value": "Magnetic Rise",
        "label": "Magnetic Rise"
      },
      {
        "value": "PopCorn",
        "label": "PopCorn"
      },
      {
        "value": "Drop Off",
        "label": "Drop Off"
      },
      {
        "value": "Neon Flash",
        "label": "Neon Flash"
      },
      {
        "value": "Soft Warp",
        "label": "Soft Warp"
      },
      {
        "value": "Unfold",
        "label": "Unfold"
      },
      {
        "value": "Glitch Phase",
        "label": "Glitch Phase"
      },
      {
        "value": "Orbit Entry",
        "label": "Orbit Entry"
      },
      {
        "value": "Slam Up",
        "label": "Slam Up"
      },
      {
        "value": "Slinky Drop",
        "label": "Slinky Drop"
      },
      {
        "value": "Plane Shift",
        "label": "Plane Shift"
      }
    ]
  },
  {
    "type": "separator"
  },
  {
    "type": "dropdown",
    "label": "Webview Animation",
    "property": "wireframe.urlbar-focus.effect",
    "value": "string",
    "defaultValue": "Hard Shift",
    "options": [
      {
        "value": "Hard Shift",
        "label": "Hard Shift"
      },
      {
        "value": "Lights Off",
        "label": "Lights Off"
      },
      {
        "value": "Pushed Away",
        "label": "Pushed Away"
      },
      {
        "value": "Soft Fade",
        "label": "Soft Fade"
      },
      {
        "value": "Film Grain Blur",
        "label": "Film Grain Blur"
      },
      {
        "value": "Flash Bang",
        "label": "Flash Bang"
      },
      {
        "value": "CRT Snap",
        "label": "CRT Snap"
      }
    ]
  },
  {
    "type": "separator"
  },
  {
    "type": "checkbox",
    "property": "wireframe.urlbar.icons.hide",
    "label": "Hide website icons in URL bar results",
    "value": "boolean",
    "defaultValue": true
  },
  {
    "type": "separator"
  },
  {
    "type": "checkbox",
    "property": "wireframe.urlbar.icons.greyscale",
    "label": "Make website icons greyscale in URL bar results",
    "value": "boolean",
    "defaultValue": false
  },

  {
    "type": "text",
    "label": "Cool Visual Element Settings",
    "margin": "30px 0 20px 0",
    "size": "25px"
  },
  {
    "type": "separator"
  },
  {
    "type": "dropdown",
    "property": "wireframe.blank.logo",
    "label": "Change blank page logo",
    "value": "string",
    "defaultValue": "wireframe",
    "options": [
      {
        "value": 0,
        "label": "No Logo"
      },
      {
        "value": "wireframe",
        "label": "Wireframe"
      },
      {
        "value": "checks",
        "label": "Checks"
      },
      {
        "value": "starlight",
        "label": "Starlight"
      },
      {
        "value": "rings",
        "label": "Rings"
      },
      {
        "value": "waves",
        "label": "Waves"
      },
      {
        "value": "globe",
        "label": "Globe"
      },
      {
        "value": "y2k-globe",
        "label": "Y2K Globe"
      },
      {
        "value": "y2k-star",
        "label": "Y2K Star"
      },
      {
        "value": "smiley",
        "label": "Smiley"
      },
      {
        "value": "y2k-smiley",
        "label": "Y2K Smiley"
      },
      {
        "value": "sad-face",
        "label": "Sad Smiley"
      },
      {
        "value": "asterisk",
        "label": "Asterisk"
      },
      {
        "value": "barcode",
        "label": "Barcode"
      },
      {
        "value": "arrow",
        "label": "Arrow"
      },
      {
        "value": "marty-supreme",
        "label": "MARTY SUPREME"
      }
    ]
  },
  {
    "type": "separator"
  },
  {
    "type": "string",
    "property": "wf-blank-logo-size",
    "defaultValue": "150px",
    "processAs": "root",
    "label": "Change blank page logo size",
    "placeholder": "150px"
  },
  {
    "type": "separator"
  },
  {
    "type": "string",
    "property": "wf-blank-logo-opacity",
    "defaultValue": "0.75",
    "processAs": "root",
    "label": "Change blank page logo opacity",
    "placeholder": "0.75"
  },
  {
    "type": "separator"
  },
  {
    "type": "dropdown",
    "property": "wireframe.blank.theme",
    "label": "Change color scheme for about:blank",
    "value": "number",
    "defaultValue": 0,
    "options": [
      {
        "value": 0,
        "label": "Dark Tint"
      },
      {
        "value": 1,
        "label": "Light Tint"
      },
      {
        "value": 2,
        "label": "Transparent"
      }
    ]
  },
  {
    "type": "separator"
  },
  {
    "type": "dropdown",
    "property": "wireframe.browser.pattern",
    "label": "Change browser background pattern",
    "value": "string",
    "defaultValue": "none",
    "options": [
      {
        "value": "none",
        "label": "None"
      },
      {
        "value": "fancy-rect",
        "label": "Fancy Rectangles"
      },
      {
        "value": "leaf",
        "label": "Leafs"
      },
      {
        "value": "stripes",
        "label": "Stripes"
      },
      {
        "value": "stars",
        "label": "Stars"
      },
      {
        "value": "waves",
        "label": "Waves"
      },
      {
        "value": "cutout",
        "label": "Cutout"
      },
      {
        "value": "polka-dots",
        "label": "Polka Dots"
      },
      {
        "value": "zig-zag",
        "label": "Zig Zag"
      },
      {
        "value": "marty-supreme",
        "label": "MARTY SUPREME"
      }
    ]
  },
  {
    "type": "separator"
  },
  {
    "type": "string",
    "property": "pattern-opacity",
    "processAs": "root",
    "label": "Change browser background pattern opacity",
    "defaultValue": "0.4",
    "placeholder": "0.4"
  },
  {
    "type": "separator"
  },
  {
    "type": "string",
    "property": "pattern-brightness",
    "processAs": "root",
    "label": "Change browser background pattern brightness",
    "defaultValue": "0.7",
    "placeholder": "0.7"
  },

  {
    "type": "text",
    "label": "Tab Settings",
    "margin": "30px 0 20px 0",
    "size": "25px"
  },
  {
    "type": "separator"
  },
  {
    "type": "checkbox",
    "property": "wireframe.new-tab.label",
    "label": "Enable custom new tab label",
    "value": "boolean",
    "defaultValue": true
  },
  {
    "type": "separator"
  },
  {
    "type": "checkbox",
    "property": "wireframe.new-tab.reveal.animation",
    "label": "Enable reveal on hover animation for new tab",
    "value": "boolean",
    "defaultValue": true
  },
  {
    "type": "separator"
  },
  {
    "type": "checkbox",
    "property": "zen.theme.essentials-favicon-bg",
    "label": "Enable favicon gradient background for essentials",
    "value": "boolean",
    "defaultValue": true
  },
  {
    "type": "separator"
  },
  {
    "type": "checkbox",
    "property": "wireframe.audio.indicator.disable",
    "label": "Disable audio indicator on tab",
    "value": "boolean",
    "defaultValue": false
  },
  {
    "type": "separator"
  },
  {
    "type": "checkbox",
    "property": "wireframe.tab-hover.animation",
    "label": "Enable tab hover animation",
    "value": "boolean",
    "defaultValue": true
  },
  {
    "type": "separator"
  },
  {
    "type": "checkbox",
    "property": "wireframe.tab-icon.invert",
    "label": "Invert tab icon color",
    "value": "boolean",
    "defaultValue": true
  },
  {
    "type": "separator"
  },
  {
    "type": "dropdown",
    "property": "wireframe.folders",
    "label": "Folder styling options",
    "value": "string",
    "defaultValue": "border",
    "options": [
      {
        "value": "border",
        "label": "Border"
      },
      {
        "value": "background",
        "label": "Background"
      }
    ]
  },
  {
    "type": "separator"
  },
  {
    "type": "dropdown",
    "property": "wireframe.tab-loading.animation",
    "label": "Tab loading animation options",
    "value": "string",
    "defaultValue": "both",
    "options": [
      {
        "value": "loadbar",
        "label": "Loading Bar"
      },
      {
        "value": "tab-bg-loading",
        "label": "Tab Background Progress Bar"
      },
      {
        "value": "both",
        "label": "Both"
      }
    ]
  },
  {
    "type": "separator"
  },
  {
    "type": "dropdown",
    "property": "wireframe.tab-switch.animation",
    "label": "Tab switching animation options",
    "value": "string",
    "defaultValue": "Vertical Veil",
    "options": [
      {
        "value": "Vertical Veil",
        "label": "Vertical Veil"
      },
      {
        "value": "Clean Sever",
        "label": "Clean Sever"
      },
      {
        "value": "Blurry Dreams",
        "label": "Blurry Dreams"
      },
      {
        "value": "Prism Shatter",
        "label": "Prism Shatter"
      },
      {
        "value": "Hard Cut",
        "label": "Hard Cut"
      },
      {
        "value": "Monolith Slide",
        "label": "Monolith Slide"
      },
      {
        "value": "Film Dissolve",
        "label": "Film Dissolve"
      }
    ]
  },

  {
    "type": "text",
    "label": "Border Settings",
    "margin": "30px 0 20px 0",
    "size": "25px"
  },
  {
    "type": "separator"
  },
  {
    "type": "dropdown",
    "property": "wireframe.window.border",
    "label": "Change border around the browser window",
    "value": "string",
    "defaultValue": "wireframe",
    "options": [
      {
        "value": "wireframe",
        "label": "wireframe"
      },
      {
        "value": "macos",
        "label": "macos"
      }
    ]
  },
  {
    "type": "separator"
  },
  {
    "type": "dropdown",
    "property": "wireframe.webview.border",
    "label": "Change border around the webview",
    "value": "string",
    "defaultValue": "wireframe",
    "options": [
      {
        "value": "wireframe",
        "label": "wireframe"
      },
      {
        "value": "macos",
        "label": "macos"
      }
    ]
  },
  {
    "type": "separator"
  },
  {
    "type": "dropdown",
    "property": "wireframe.urlbar.border",
    "label": "Change border around the URL bar",
    "value": "string",
    "defaultValue": "wireframe",
    "options": [
      {
        "value": "wireframe",
        "label": "wireframe"
      },
      {
        "value": "macos",
        "label": "macos"
      }
    ]
  },
  {
    "type": "separator"
  },
  {
    "type": "checkbox",
    "property": "wireframe.macos.border",
    "label": "Enable macOS style border for compact sidebar and other elements",
    "value": "boolean",
    "defaultValue": false
  },
  {
    "type": "separator"
  },
  {
    "type": "dropdown",
    "property": "wireframe.webview.border_radius",
    "label": "Border radius for webview",
    "value": "number",
    "defaultValue": 16,
    "options": [
      {
        "value": 0,
        "label": "0px"
      },
      {
        "value": 4,
        "label": "4px"
      },
      {
        "value": 8,
        "label": "8px"
      },
      {
        "value": 12,
        "label": "12px"
      },
      {
        "value": 16,
        "label": "16px"
      },
      {
        "value": 20,
        "label": "20px"
      }
    ]
  },
  {
    "type": "separator"
  },
  {
    "type": "dropdown",
    "property": "wireframe.window.border_radius",
    "label": "Border radius for window",
    "value": "number",
    "defaultValue": 8,
    "options": [
      {
        "value": 0,
        "label": "0px"
      },
      {
        "value": 4,
        "label": "4px"
      },
      {
        "value": 8,
        "label": "8px"
      },
      {
        "value": 12,
        "label": "12px"
      },
      {
        "value": 16,
        "label": "16px"
      },
      {
        "value": 20,
        "label": "20px"
      },
      {
        "value": 24,
        "label": "24px"
      }
    ]
  },
  {
    "type": "separator"
  },
  {
    "type": "dropdown",
    "property": "wireframe.tab.borders",
    "label": "Border styling for tabs",
    "value": "string",
    "options": [
      {
        "value": "macos-all",
        "label": "macOS: All"
      },
      {
        "value": "macos-active",
        "label": "macOS: Active"
      }
    ]
  },
  {
    "type": "separator"
  },
  {
    "type": "dropdown",
    "property": "wireframe.tab.border_radius",
    "label": "Border radius for tabs",
    "value": "number",
    "defaultValue": 16,
    "options": [
      {
        "value": 0,
        "label": "0px"
      },
      {
        "value": 4,
        "label": "4px"
      },
      {
        "value": 8,
        "label": "8px"
      },
      {
        "value": 12,
        "label": "12px"
      },
      {
        "value": 16,
        "label": "16px"
      },
      {
        "value": 20,
        "label": "20px"
      },
      {
        "value": 24,
        "label": "24px"
      }
    ]
  },
  {
    "type": "separator"
  },
  {
    "type": "dropdown",
    "property": "wireframe.essen.borders",
    "label": "Border styling for essentials",
    "value": "string",
    "options": [
      {
        "value": "macos-all",
        "label": "macOS: All"
      },
      {
        "value": "macos-active",
        "label": "macOS: Active"
      }
    ]
  },
  {
    "type": "separator"
  },
  {
    "type": "dropdown",
    "property": "wireframe.essentials.border_radius",
    "label": "Border radius for essentials",
    "value": "number",
    "defaultValue": 16,
    "options": [
      {
        "value": 0,
        "label": "0px"
      },
      {
        "value": 4,
        "label": "4px"
      },
      {
        "value": 8,
        "label": "8px"
      },
      {
        "value": 12,
        "label": "12px"
      },
      {
        "value": 16,
        "label": "16px"
      },
      {
        "value": 20,
        "label": "20px"
      },
      {
        "value": 24,
        "label": "24px"
      },
      {
        "value": 50,
        "label": "Round"
      }
    ]
  },

  {
    "type": "text",
    "label": "Typography",
    "margin": "30px 0 20px 0",
    "size": "25px"
  },
  {
    "type": "separator"
  },
  {
    "type": "dropdown",
    "property": "wireframe.font",
    "label": "Font",
    "value": "string",
    "defaultValue": "Bricolage",
    "options": [
      {
        "value": "SF-Pro",
        "label": "SF-Pro"
      },
      {
        "value": "Bricolage",
        "label": "Bricolage Grotesque"
      },
      {
        "value": "Monocraft",
        "label": "Monocraft"
      },
      {
        "value": "GeistMono",
        "label": "Geist Mono"
      },
      {
        "value": "JetBrainsMono",
        "label": "JetBrains Mono"
      },
      {
        "value": "SUSE",
        "label": "SUSE"
      },
      {
        "value": "SUSEMono",
        "label": "SUSE Mono"
      }
    ]
  },
  {
    "type": "separator"
  },
  {
    "type": "string",
    "property": "wireframe-font-size",
    "processAs": "root",
    "label": "Change font size for tabs",
    "defaultValue": "",
    "placeholder": "12px"
  },

  {
    "type": "text",
    "label": "Picture-in-Picture",
    "margin": "30px 0 20px 0",
    "size": "25px"
  },
  {
    "type": "separator"
  },
  {
    "type": "checkbox",
    "property": "wireframe.pip.disabled",
    "label": "Disable Picture-in-Picture customization",
    "value": "boolean",
    "defaultValue": false
  },
  {
    "type": "separator"
  },
  {
    "type": "checkbox",
    "property": "wireframe.pip.rounded",
    "label": "Enable rounded corners for PiP window",
    "value": "boolean",
    "defaultValue": false
  },
  {
    "type": "separator"
  },
  {
    "type": "dropdown",
    "property": "wireframe.pip.border_radius",
    "label": "Border radius for PiP controls",
    "value": "number",
    "defaultValue": 0,
    "options": [
      {
        "value": 0,
        "label": "0px"
      },
      {
        "value": 4,
        "label": "4px"
      },
      {
        "value": 6,
        "label": "6px"
      },
      {
        "value": 8,
        "label": "8px"
      },
      {
        "value": 10,
        "label": "10px"
      }
    ]
  },
  {
    "type": "separator"
  },
  {
    "type": "checkbox",
    "property": "wireframe.pip.blur",
    "label": "Enable blur effect on PiP controls",
    "value": "boolean",
    "defaultValue": false
  },

  {
    "type": "text",
    "label": "Media Player",
    "margin": "30px 0 20px 0",
    "size": "25px"
  },
  {
    "type": "separator"
  },
  {
    "type": "checkbox",
    "property": "wireframe.player.minimal",
    "label": "Make the Media Player window minimal (pip, volume, and call controls hidden)",
    "value": "boolean",
    "defaultValue": true
  },
  {
    "type": "separator"
  },
  {
    "type": "checkbox",
    "property": "wireframe.player.flip",
    "label": "Flipped media player",
    "value": "boolean",
    "defaultValue": false
  }
]
