{
  "id": "wireframe-2.0",
  "homepage": "https://github.com/SehajveerSingh2005/zen-wireframe-2.0",
  "author": "SehajveerSingh2005",
  "name": "Wireframe 2.0",
  "description": "A minimal theme for Zen. Unconventional by design.",
  "version": "2.9",
  "createdAt": "2025-09-10",
  "updatedAt": "2026-01-16",
  "readme": "https://github.com/SehajveerSingh2005/zen-wireframe-2.0/blob/main/README.md",
  "image": "https://i.ibb.co/8DWnx9Hp/Screenshot-2025-09-09-235105.png",
  "tags": [
    "Theme",
    "Minimal",
    "Squared",
    "Wireframe"
  ],
  "fork": ["zen"]
}
