{
  "id": "settings-shortcuts-search",
  "name": "Search Keyboard shortcuts",
  "description": "Lightweight script to add search and filter options in keyboard shortcuts in settings",
  "author": "Bibek Bhusal",
  "version": "1.1.0",
  "updatedAt": "2026-01-04",
  "tags": [
    "Search",
    "sine",
    "fx-autoconfig",
    "JavaScript",
    "Bibek Bhusal"
  ],
  "fork": [
    "zen"
  ],
  "style": {
    "content": "https://raw.githubusercontent.com/Vertex-Mods/Search-Keyboard-Shortcuts/main/style.css"
  },
  "js": true,
  "readme": "https://raw.githubusercontent.com/Vertex-Mods/Search-Keyboard-Shortcuts/main/README.md",
  "image": "https://raw.githubusercontent.com/Vertex-Mods/Search-Keyboard-Shortcuts/main/image.png",
  "createdAt": "2025-06-23"
}