{
  "id": "settings-shortcuts-search",
  "homepage": "https://github.com/Vertex-Mods/Search-Keyboard-Shortcuts",
  "name": "Search Keyboard shortcuts",
  "description": "Lightweight script to add search and filter options in keyboard shortcuts in settings",
  "author": "Bibek Bhusal",
  "version": "1.1.3",
  "updatedAt": "2026-01-27",
  "tags": [
    "Search",
    "sine",
    "fx-autoconfig",
    "JavaScript",
    "Bibek Bhusal"
  ],
  "fork": [
    "zen"
  ],
  "style": {
    "content": "style.css"
  },
  "scripts": {
    "settings-shortcuts-search.uc.js": {
      "include": [
        "about:preferences*",
        "about:settings*"
      ]
    }
  },
  "readme": "https://raw.githubusercontent.com/Vertex-Mods/Search-Keyboard-Shortcuts/main/README.md",
  "image": "https://raw.githubusercontent.com/Vertex-Mods/Search-Keyboard-Shortcuts/main/image.png",
  "createdAt": "2025-06-23"
}